# Blender 4.4.0
# www.blender.org
mtllib Meshy_AI_Geometric_goldfish_0429134444_texture.mtl
o Meshy_AI_Geometric_goldfish_0429134444_texture
v -0.001957 -0.455969 0.346380
v -0.001957 -0.455969 0.342466
v 0.001957 -0.455969 0.342466
v 0.001957 -0.455969 0.346380
v 0.001957 -0.455969 0.350294
v -0.001957 -0.455969 0.350294
v -0.005871 -0.436399 0.350294
v -0.005871 -0.452055 0.342466
v -0.001957 -0.452055 0.338552
v -0.005871 -0.436399 0.338552
v -0.001957 -0.436399 0.334638
v 0.001957 -0.436399 0.334638
v 0.001957 -0.452055 0.338552
v 0.005871 -0.436399 0.338552
v 0.005871 -0.452055 0.342466
v 0.005871 -0.436399 0.350294
v 0.005871 -0.405088 0.358121
v 0.001957 -0.436399 0.354207
v 0.001957 -0.405088 0.362035
v -0.001957 -0.436399 0.354207
v -0.001957 -0.405088 0.362035
v -0.005871 -0.405088 0.358121
v -0.005871 -0.401174 0.334638
v -0.001957 -0.401174 0.326810
v -0.005871 -0.358121 0.330724
v -0.001957 -0.358121 0.322896
v 0.001957 -0.358121 0.322896
v 0.001957 -0.401174 0.326810
v 0.005871 -0.358121 0.330724
v 0.005871 -0.401174 0.334638
v 0.005871 -0.362035 0.365949
v -0.428571 -0.409002 0.526419
v -0.428571 -0.409002 0.518591
v -0.420744 -0.409002 0.522505
v -0.424658 -0.409002 0.526419
v -0.428571 -0.405088 0.530333
v -0.432485 -0.405088 0.526419
v -0.432485 -0.405088 0.518591
v -0.424658 -0.405088 0.499022
v -0.432485 -0.405088 0.499022
v -0.424658 -0.405088 0.487280
v -0.405088 -0.401174 0.526419
v 0.424658 -0.405088 0.499022
v 0.428571 -0.409002 0.518591
v 0.420744 -0.409002 0.522505
v 0.405088 -0.401174 0.526419
v 0.424658 -0.405088 0.487280
v 0.432485 -0.405088 0.499022
v 0.432485 -0.405088 0.518591
v 0.428571 -0.409002 0.526419
v 0.432485 -0.405088 0.526419
v 0.428571 -0.405088 0.530333
v 0.424658 -0.409002 0.526419
v -0.416830 -0.401174 0.471624
v -0.362035 -0.373777 0.510763
v -0.381605 -0.397260 0.542074
v -0.401174 -0.401174 0.534247
v -0.409002 -0.405088 0.534247
v 0.409002 -0.405088 0.534247
v 0.401174 -0.401174 0.534247
v 0.381605 -0.397260 0.542074
v 0.362035 -0.373777 0.510763
v 0.416830 -0.401174 0.471624
v -0.409002 -0.401174 0.538160
v -0.428571 -0.401174 0.526419
v -0.432485 -0.401174 0.526419
v 0.432485 -0.401174 0.526419
v 0.428571 -0.401174 0.526419
v 0.409002 -0.401174 0.538160
v -0.005871 -0.362035 0.365949
v -0.001957 -0.362035 0.373777
v -0.005871 -0.326810 0.377691
v 0.005871 -0.326810 0.377691
v 0.001957 -0.362035 0.373777
v 0.001957 -0.326810 0.385519
v -0.428571 -0.401174 0.487280
v -0.432485 -0.401174 0.499022
v -0.432485 -0.397260 0.487280
v -0.428571 -0.397260 0.467710
v -0.424658 -0.401174 0.467710
v -0.424658 -0.397260 0.448141
v -0.416830 -0.397260 0.448141
v 0.424658 -0.401174 0.467710
v 0.416830 -0.397260 0.448141
v 0.424658 -0.397260 0.448141
v 0.428571 -0.397260 0.467710
v 0.428571 -0.401174 0.487280
v 0.432485 -0.397260 0.487280
v 0.432485 -0.401174 0.499022
v -0.432485 -0.401174 0.518591
v -0.409002 -0.369863 0.514677
v 0.432485 -0.401174 0.518591
v 0.409002 -0.369863 0.514677
v -0.385519 -0.397260 0.545988
v -0.405088 -0.401174 0.542074
v 0.409002 -0.397260 0.538160
v 0.405088 -0.401174 0.542074
v -0.412916 -0.393346 0.432485
v -0.420744 -0.393346 0.432485
v -0.412916 -0.389432 0.405088
v -0.405088 -0.381605 0.369863
v 0.412916 -0.393346 0.432485
v 0.405088 -0.381605 0.369863
v 0.412916 -0.389432 0.405088
v 0.420744 -0.393346 0.432485
v -0.405088 -0.369863 0.518591
v -0.326810 -0.268102 0.483366
v -0.354207 -0.299413 0.424658
v -0.424658 -0.389432 0.452055
v 0.424658 -0.389432 0.452055
v 0.354207 -0.299413 0.424658
v 0.326810 -0.268102 0.483366
v 0.405088 -0.369863 0.518591
v -0.409002 -0.397260 0.538160
v -0.401174 -0.397260 0.542074
v 0.322896 -0.268102 0.487280
v 0.338552 -0.373777 0.569472
v 0.373777 -0.385519 0.553816
v 0.401174 -0.397260 0.542074
v 0.385519 -0.397260 0.545988
v 0.385519 -0.397260 0.549902
v 0.369863 -0.393346 0.553816
v -0.385519 -0.397260 0.549902
v -0.369863 -0.393346 0.553816
v -0.369863 -0.389432 0.557730
v -0.385519 -0.393346 0.549902
v 0.385519 -0.393346 0.549902
v -0.428571 -0.393346 0.448141
v -0.424658 -0.385519 0.432485
v -0.424658 -0.389432 0.432485
v -0.420744 -0.385519 0.405088
v 0.420744 -0.385519 0.405088
v 0.424658 -0.389432 0.432485
v 0.428571 -0.393346 0.448141
v 0.424658 -0.385519 0.432485
v -0.373777 -0.385519 0.553816
v -0.358121 -0.385519 0.565558
v -0.338552 -0.373777 0.569472
v -0.365949 -0.393346 0.549902
v -0.334638 -0.385519 0.565558
v -0.354207 -0.389432 0.561644
v 0.365949 -0.393346 0.549902
v 0.334638 -0.385519 0.565558
v 0.299413 -0.362035 0.553816
v 0.287671 -0.295499 0.444227
v 0.299413 -0.299413 0.389432
v 0.369863 -0.389432 0.557730
v 0.354207 -0.389432 0.565558
v 0.354207 -0.389432 0.561644
v 0.358121 -0.385519 0.565558
v 0.338552 -0.385519 0.569472
v 0.326810 -0.385519 0.573385
v 0.318982 -0.381605 0.569472
v -0.354207 -0.389432 0.565558
v -0.338552 -0.385519 0.569472
v -0.338552 -0.381605 0.573385
v -0.412916 -0.385519 0.385519
v -0.412916 -0.381605 0.369863
v -0.409002 -0.381605 0.354207
v -0.397260 -0.373777 0.338552
v -0.365949 -0.350294 0.326810
v -0.299413 -0.299413 0.389432
v -0.420744 -0.381605 0.405088
v -0.420744 -0.381605 0.385519
v -0.416830 -0.385519 0.385519
v 0.412916 -0.385519 0.385519
v 0.412916 -0.381605 0.369863
v 0.416830 -0.385519 0.385519
v 0.420744 -0.381605 0.405088
v 0.420744 -0.381605 0.385519
v -0.299413 -0.362035 0.553816
v -0.318982 -0.381605 0.569472
v -0.326810 -0.385519 0.573385
v 0.338552 -0.381605 0.573385
v 0.326810 -0.381605 0.577299
v 0.326810 -0.377691 0.577299
v -0.416830 -0.381605 0.369863
v -0.416830 -0.377691 0.369863
v -0.416830 -0.373777 0.354207
v -0.416830 -0.377691 0.354207
v 0.416830 -0.381605 0.369863
v 0.416830 -0.377691 0.354207
v 0.416830 -0.373777 0.354207
v 0.416830 -0.377691 0.369863
v -0.326810 -0.377691 0.577299
v -0.318982 -0.373777 0.577299
v -0.299413 -0.358121 0.569472
v -0.322896 -0.268102 0.487280
v -0.326810 -0.381605 0.577299
v -0.318982 -0.381605 0.573385
v -0.318982 -0.377691 0.577299
v -0.299413 -0.365949 0.565558
v -0.299413 -0.362035 0.569472
v 0.318982 -0.381605 0.573385
v 0.318982 -0.377691 0.577299
v 0.299413 -0.362035 0.569472
v 0.299413 -0.365949 0.565558
v -0.412916 -0.377691 0.338552
v -0.405088 -0.377691 0.338552
v 0.409002 -0.381605 0.354207
v 0.397260 -0.373777 0.338552
v 0.405088 -0.377691 0.338552
v 0.412916 -0.377691 0.338552
v 0.365949 -0.350294 0.326810
v 0.354207 -0.338552 0.318982
v 0.362035 -0.342466 0.315068
v 0.369863 -0.346380 0.318982
v 0.381605 -0.358121 0.326810
v -0.311155 -0.252446 0.471624
v -0.299413 -0.252446 0.436399
v -0.311155 -0.279843 0.369863
v -0.373777 -0.342466 0.318982
v -0.409002 -0.365949 0.338552
v 0.409002 -0.365949 0.338552
v 0.373777 -0.342466 0.318982
v 0.311155 -0.279843 0.369863
v 0.299413 -0.252446 0.436399
v 0.311155 -0.252446 0.471624
v -0.287671 -0.295499 0.444227
v -0.275930 -0.346380 0.549902
v -0.287671 -0.358121 0.561644
v 0.287671 -0.358121 0.561644
v 0.275930 -0.346380 0.549902
v 0.318982 -0.373777 0.577299
v -0.412916 -0.373777 0.338552
v -0.409002 -0.369863 0.330724
v -0.405088 -0.373777 0.330724
v -0.401174 -0.369863 0.326810
v -0.397260 -0.373777 0.330724
v -0.377691 -0.354207 0.318982
v -0.373777 -0.354207 0.322896
v 0.397260 -0.373777 0.330724
v 0.385519 -0.358121 0.322896
v 0.401174 -0.369863 0.326810
v 0.405088 -0.373777 0.330724
v 0.409002 -0.369863 0.330724
v 0.412916 -0.373777 0.338552
v 0.299413 -0.358121 0.569472
v 0.287671 -0.354207 0.565558
v 0.385519 -0.354207 0.322896
v 0.401174 -0.365949 0.326810
v -0.365949 -0.342466 0.315068
v -0.362035 -0.346380 0.318982
v -0.354207 -0.338552 0.318982
v -0.338552 -0.326810 0.307241
v -0.322896 -0.315068 0.299413
v -0.307241 -0.303327 0.291585
v -0.260274 -0.268102 0.369863
v -0.260274 -0.272016 0.424658
v 0.279843 -0.338552 0.557730
v 0.287671 -0.350294 0.565558
v -0.401174 -0.365949 0.326810
v -0.381605 -0.350294 0.318982
v -0.279843 -0.338552 0.557730
v -0.307241 -0.252446 0.483366
v -0.275930 -0.346380 0.557730
v -0.287671 -0.354207 0.565558
v -0.001957 -0.326810 0.385519
v 0.001957 -0.311155 0.389432
v -0.001957 -0.311155 0.389432
v -0.005871 -0.311155 0.381605
v -0.275930 -0.342466 0.561644
v -0.287671 -0.350294 0.565558
v -0.005871 -0.318982 0.322896
v -0.005871 -0.303327 0.318982
v -0.001957 -0.318982 0.315068
v 0.001957 -0.318982 0.315068
v 0.001957 -0.303327 0.311155
v 0.005871 -0.303327 0.318982
v 0.005871 -0.318982 0.322896
v 0.005871 -0.311155 0.381605
v 0.365949 -0.338552 0.315068
v 0.275930 -0.346380 0.557730
v 0.275930 -0.342466 0.561644
v 0.272016 -0.342466 0.561644
v 0.268102 -0.342466 0.557730
v -0.272016 -0.338552 0.561644
v -0.264188 -0.330724 0.557730
v -0.354207 -0.326810 0.311155
v -0.362035 -0.334638 0.315068
v 0.272016 -0.338552 0.561644
v -0.358121 -0.338552 0.311155
v -0.346380 -0.330724 0.307241
v -0.350294 -0.330724 0.307241
v -0.268102 -0.342466 0.557730
v -0.264188 -0.338552 0.549902
v -0.264188 -0.334638 0.557730
v -0.272016 -0.342466 0.561644
v -0.244618 -0.275930 0.459883
v -0.248532 -0.326810 0.542074
v 0.264188 -0.338552 0.549902
v 0.264188 -0.334638 0.557730
v 0.252446 -0.330724 0.549902
v 0.248532 -0.326810 0.542074
v 0.350294 -0.334638 0.311155
v 0.338552 -0.326810 0.307241
v 0.342466 -0.326810 0.303327
v 0.354207 -0.334638 0.307241
v 0.346380 -0.322896 0.303327
v 0.358121 -0.330724 0.311155
v 0.264188 -0.330724 0.557730
v 0.252446 -0.326810 0.553816
v 0.260274 -0.272016 0.424658
v 0.260274 -0.268102 0.369863
v 0.307241 -0.303327 0.291585
v 0.322896 -0.315068 0.299413
v -0.252446 -0.330724 0.549902
v -0.248532 -0.322896 0.549902
v -0.252446 -0.326810 0.553816
v 0.307241 -0.252446 0.483366
v 0.248532 -0.318982 0.549902
v 0.303327 -0.248532 0.471624
v 0.256360 -0.252446 0.491194
v -0.248532 -0.318982 0.549902
v -0.338552 -0.315068 0.303327
v -0.342466 -0.322896 0.299413
v -0.342466 -0.326810 0.299413
v -0.330724 -0.315068 0.295499
v -0.330724 -0.318982 0.295499
v 0.248532 -0.322896 0.549902
v 0.240705 -0.318982 0.549902
v 0.240705 -0.322896 0.545988
v 0.330724 -0.318982 0.295499
v 0.322896 -0.311155 0.291585
v 0.334638 -0.315068 0.295499
v 0.326810 -0.307241 0.291585
v 0.334638 -0.315068 0.299413
v -0.322896 -0.311155 0.291585
v -0.315068 -0.307241 0.287671
v 0.013699 -0.307241 0.381605
v -0.240704 -0.322896 0.545988
v -0.232877 -0.315068 0.538160
v -0.228963 -0.311155 0.542074
v -0.240704 -0.318982 0.549902
v -0.193738 -0.275930 0.397260
v -0.146771 -0.275930 0.502935
v -0.209393 -0.295499 0.530333
v 0.232877 -0.315068 0.538160
v 0.228963 -0.311155 0.542074
v 0.225049 -0.307241 0.538160
v 0.209393 -0.295499 0.530333
v 0.244618 -0.275930 0.459883
v 0.146771 -0.275930 0.502935
v 0.193738 -0.275930 0.397260
v -0.232877 -0.311155 0.545988
v -0.228963 -0.303327 0.542074
v -0.256360 -0.252446 0.491194
v -0.326810 -0.307241 0.291585
v 0.315068 -0.295499 0.287671
v 0.303327 -0.283757 0.283757
v 0.268102 -0.248532 0.330724
v 0.232877 -0.311155 0.545988
v 0.225049 -0.307241 0.542074
v -0.001957 -0.303327 0.311155
v -0.009785 -0.299413 0.311155
v 0.001957 -0.299413 0.303327
v -0.225049 -0.307241 0.538160
v -0.225049 -0.307241 0.542074
v 0.228963 -0.303327 0.542074
v 0.315068 -0.307241 0.287671
v 0.307241 -0.303327 0.283757
v 0.315068 -0.307241 0.283757
v 0.318982 -0.303327 0.287671
v -0.268102 -0.248532 0.330724
v -0.303327 -0.283757 0.283757
v -0.315068 -0.295499 0.287671
v -0.189824 -0.291585 0.534247
v -0.205479 -0.295499 0.534247
v -0.209393 -0.295499 0.534247
v -0.318982 -0.303327 0.287671
v -0.315068 -0.299413 0.283757
v -0.311155 -0.303327 0.283757
v 0.315068 -0.303327 0.283757
v -0.013699 -0.307241 0.381605
v 0.001957 -0.307241 0.397260
v -0.111546 -0.283757 0.393346
v -0.111546 -0.283757 0.381605
v 0.111546 -0.283757 0.393346
v 0.091977 -0.283757 0.542074
v 0.001957 -0.307241 0.538160
v -0.091977 -0.283757 0.542074
v -0.213307 -0.291585 0.534247
v 0.217221 -0.256360 0.506849
v 0.213307 -0.291585 0.534247
v -0.307241 -0.307241 0.283757
v -0.303327 -0.295499 0.279843
v -0.299413 -0.299413 0.283757
v 0.307241 -0.295499 0.279843
v 0.299413 -0.295499 0.283757
v 0.299413 -0.291585 0.279843
v 0.311155 -0.295499 0.283757
v 0.009785 -0.299413 0.311155
v 0.005871 -0.260274 0.193738
v 0.111546 -0.283757 0.381605
v 0.115460 -0.275930 0.373777
v 0.123288 -0.279843 0.381605
v 0.127202 -0.279843 0.389432
v 0.001957 -0.295499 0.592955
v 0.052838 -0.272016 0.632094
v 0.001957 -0.283757 0.651663
v -0.052838 -0.272016 0.632094
v 0.209393 -0.295499 0.534247
v 0.205480 -0.291585 0.538160
v 0.205480 -0.295499 0.534247
v 0.001957 -0.303327 -0.225049
v -0.001957 -0.303327 -0.228963
v 0.001957 -0.303327 -0.228963
v 0.005871 -0.299413 -0.228963
v 0.005871 -0.299413 -0.225049
v 0.001957 -0.295499 -0.162427
v -0.001957 -0.303327 -0.225049
v -0.005871 -0.299413 -0.228963
v -0.005871 -0.299413 -0.225049
v -0.005871 -0.287671 -0.225049
v -0.001957 -0.295499 -0.232877
v -0.001957 -0.299413 -0.232877
v 0.001957 -0.299413 -0.232877
v 0.001957 -0.295499 -0.232877
v 0.005871 -0.287671 -0.225049
v -0.001957 -0.295499 -0.162427
v 0.001957 -0.287671 -0.088063
v -0.001957 -0.287671 -0.088063
v -0.005871 -0.291585 -0.162427
v -0.307241 -0.291585 0.279843
v -0.299413 -0.287671 0.279843
v -0.295499 -0.291585 0.279843
v 0.291585 -0.291585 0.287671
v 0.291585 -0.287671 0.279843
v -0.291585 -0.291585 0.287671
v -0.291585 -0.287671 0.279843
v -0.275930 -0.275930 0.283757
v 0.232877 -0.260274 0.299413
v 0.252446 -0.260274 0.287671
v 0.275930 -0.275930 0.283757
v -0.217221 -0.256360 0.506849
v -0.201566 -0.283757 0.534247
v -0.185910 -0.256360 0.510763
v -0.185910 -0.252446 0.502935
v -0.217221 -0.252446 0.499022
v -0.001957 -0.283757 -0.228963
v 0.001957 -0.283757 -0.228963
v -0.005871 -0.279843 -0.088063
v -0.005871 -0.232877 -0.170254
v -0.005871 -0.252446 -0.189824
v 0.005871 -0.291585 -0.162427
v 0.005871 -0.252446 -0.189824
v 0.005871 -0.232877 -0.170254
v 0.005871 -0.279843 -0.088063
v -0.005871 -0.260274 0.193738
v -0.115460 -0.275930 0.373777
v -0.013699 -0.252446 0.185910
v -0.005871 -0.248532 0.158513
v 0.001957 -0.260274 0.189824
v 0.001957 -0.248532 0.158513
v 0.013699 -0.252446 0.185910
v -0.001957 -0.248532 -0.193738
v 0.189824 -0.291585 0.534247
v 0.193738 -0.287671 0.538160
v 0.185910 -0.287671 0.542074
v 0.178082 -0.283757 0.545988
v 0.142857 -0.275930 0.514677
v -0.205479 -0.291585 0.538160
v -0.193738 -0.287671 0.538160
v -0.193738 -0.283757 0.538160
v -0.142857 -0.275930 0.514677
v -0.178082 -0.283757 0.545988
v -0.185910 -0.287671 0.542074
v 0.201566 -0.283757 0.534247
v 0.193738 -0.283757 0.538160
v -0.295499 -0.283757 0.279843
v -0.279843 -0.268102 0.283757
v -0.279843 -0.272016 0.279843
v 0.295499 -0.283757 0.279843
v 0.279843 -0.272016 0.279843
v 0.279843 -0.268102 0.283757
v 0.268102 -0.268102 0.279843
v 0.217221 -0.252446 0.499022
v 0.185910 -0.252446 0.502935
v 0.185910 -0.256360 0.510763
v 0.001957 -0.248532 -0.193738
v 0.001957 -0.228963 -0.174168
v 0.001957 -0.268102 0.037182
v 0.005871 -0.260274 0.037182
v 0.005871 -0.244618 0.154599
v -0.001957 -0.268102 0.037182
v -0.005871 -0.244618 0.154599
v -0.005871 -0.260274 0.037182
v -0.272016 -0.264188 0.279843
v -0.268102 -0.268102 0.279843
v -0.189824 -0.283757 0.542074
v -0.181996 -0.279843 0.545988
v -0.189824 -0.279843 0.542074
v 0.189824 -0.283757 0.542074
v 0.189824 -0.279843 0.542074
v 0.181996 -0.279843 0.545988
v -0.174168 -0.275930 0.553816
v -0.178082 -0.272016 0.553816
v -0.181996 -0.275930 0.545988
v 0.181996 -0.275930 0.545988
v 0.178082 -0.272016 0.553816
v 0.174168 -0.275930 0.553816
v -0.001957 -0.228963 -0.174168
v -0.291585 -0.248532 0.436399
v -0.260274 -0.244618 0.330724
v -0.256360 -0.244618 0.287671
v -0.264188 -0.252446 0.283757
v 0.264188 -0.252446 0.283757
v 0.256360 -0.244618 0.287671
v 0.260274 -0.244618 0.330724
v 0.291585 -0.248532 0.436399
v -0.127202 -0.279843 0.389432
v -0.181996 -0.275930 0.412916
v -0.162427 -0.275930 0.354207
v -0.138943 -0.275930 0.365949
v -0.123288 -0.279843 0.381605
v -0.123288 -0.272016 0.373777
v -0.127202 -0.264188 0.373777
v -0.131115 -0.197652 0.299413
v -0.123288 -0.197652 0.279843
v -0.127202 -0.275930 0.514677
v -0.127202 -0.272016 0.526419
v -0.135029 -0.272016 0.522505
v 0.181996 -0.275930 0.412916
v 0.162427 -0.275930 0.354207
v 0.127202 -0.275930 0.514677
v 0.135029 -0.272016 0.522505
v 0.127202 -0.272016 0.526419
v -0.178082 -0.268102 0.545988
v 0.178082 -0.268102 0.545988
v -0.091977 -0.272016 0.573385
v -0.123288 -0.236791 0.612525
v -0.123288 -0.248532 0.585127
v 0.091977 -0.272016 0.573385
v 0.123288 -0.248532 0.585127
v 0.123288 -0.236791 0.612525
v -0.166341 -0.272016 0.553816
v -0.154599 -0.264188 0.565558
v -0.162427 -0.268102 0.561644
v -0.170254 -0.268102 0.553816
v 0.166340 -0.272016 0.553816
v 0.170254 -0.268102 0.553816
v 0.162427 -0.268102 0.561644
v 0.154599 -0.264188 0.565558
v 0.001957 -0.275930 0.686888
v 0.084149 -0.232877 0.675147
v 0.001957 -0.268102 0.702544
v -0.001957 -0.268102 0.702544
v -0.001957 -0.275930 0.686888
v -0.005871 -0.213307 -0.166341
v -0.052838 -0.162427 0.119374
v -0.009785 -0.154599 -0.240704
v -0.005871 -0.193738 -0.201566
v -0.001957 -0.217221 -0.174168
v 0.005871 -0.213307 -0.166341
v 0.001957 -0.217221 -0.174168
v 0.005871 -0.193738 -0.201566
v 0.009785 -0.154599 -0.240704
v 0.052838 -0.162427 0.119374
v -0.158513 -0.272016 0.350294
v -0.135029 -0.272016 0.362035
v 0.138943 -0.275930 0.365949
v 0.123288 -0.272016 0.373777
v 0.135029 -0.272016 0.362035
v 0.158513 -0.272016 0.350294
v 0.123288 -0.197652 0.279843
v 0.131115 -0.197652 0.299413
v 0.127202 -0.264188 0.373777
v -0.252446 -0.260274 0.287671
v -0.256360 -0.256360 0.279843
v -0.248532 -0.252446 0.283757
v -0.236791 -0.256360 0.291585
v -0.232877 -0.260274 0.299413
v -0.209393 -0.264188 0.318982
v -0.181996 -0.268102 0.334638
v -0.205479 -0.260274 0.315068
v -0.178082 -0.264188 0.330724
v 0.181996 -0.268102 0.334638
v 0.178082 -0.264188 0.330724
v 0.205480 -0.260274 0.315068
v 0.209393 -0.264188 0.318982
v 0.217221 -0.260274 0.307241
v -0.166341 -0.260274 0.557730
v -0.162427 -0.244618 0.514677
v 0.162427 -0.244618 0.514677
v 0.166340 -0.260274 0.557730
v -0.084149 -0.232877 0.675147
v -0.072407 -0.217221 0.722113
v -0.131115 -0.213307 0.690802
v -0.135029 -0.217221 0.667319
v 0.272016 -0.264188 0.279843
v 0.256360 -0.256360 0.279843
v 0.260274 -0.252446 0.279843
v -0.154599 -0.264188 0.346380
v -0.178082 -0.256360 0.334638
v -0.154599 -0.260274 0.350294
v 0.154599 -0.264188 0.346380
v 0.154599 -0.260274 0.350294
v 0.178082 -0.256360 0.334638
v -0.135029 -0.260274 0.381605
v -0.131115 -0.252446 0.381605
v -0.135029 -0.201566 0.322896
v 0.135029 -0.201566 0.322896
v 0.131115 -0.252446 0.381605
v 0.135029 -0.260274 0.381605
v -0.135029 -0.252446 0.577299
v -0.135029 -0.248532 0.581213
v -0.142857 -0.252446 0.577299
v 0.135029 -0.252446 0.577299
v 0.142857 -0.252446 0.577299
v 0.135029 -0.248532 0.581213
v 0.131115 -0.240704 0.585127
v 0.131115 -0.232877 0.608611
v 0.135029 -0.217221 0.667319
v -0.260274 -0.252446 0.279843
v 0.236791 -0.256360 0.291585
v 0.248532 -0.252446 0.283757
v -0.303327 -0.248532 0.471624
v -0.166341 -0.264188 0.561644
v -0.154599 -0.260274 0.569472
v -0.158513 -0.256360 0.565558
v 0.166340 -0.264188 0.561644
v 0.158513 -0.256360 0.565558
v 0.154599 -0.260274 0.569472
v -0.146771 -0.248532 0.577299
v 0.146771 -0.248532 0.577299
v 0.001957 -0.225049 0.776908
v 0.072407 -0.217221 0.722113
v 0.041096 -0.197652 0.796477
v 0.001957 -0.197652 0.835616
v -0.001957 -0.225049 0.776908
v -0.041096 -0.197652 0.796477
v -0.084149 -0.178082 0.800391
v -0.111546 -0.201566 0.729941
v 0.131115 -0.213307 0.690802
v 0.111546 -0.201566 0.729941
v 0.084149 -0.178082 0.800391
v -0.217221 -0.260274 0.307241
v -0.217221 -0.256360 0.303327
v -0.205479 -0.256360 0.315068
v -0.221135 -0.248532 0.307241
v -0.205479 -0.252446 0.322896
v 0.205480 -0.256360 0.315068
v 0.205480 -0.252446 0.322896
v 0.221135 -0.248532 0.307241
v 0.217221 -0.256360 0.303327
v -0.056752 -0.162427 0.135029
v -0.045010 0.021526 0.033268
v -0.041096 0.017613 0.017613
v 0.041096 0.017613 0.017613
v 0.045010 0.021526 0.033268
v 0.056752 -0.162427 0.135029
v 0.236791 -0.248532 0.291585
v -0.178082 -0.256360 0.342466
v -0.201566 -0.256360 0.459883
v 0.178082 -0.256360 0.342466
v 0.201566 -0.256360 0.459883
v -0.138943 -0.244618 0.459883
v -0.142857 -0.232877 0.514677
v -0.135029 -0.236791 0.459883
v 0.138943 -0.244618 0.459883
v 0.135029 -0.236791 0.459883
v 0.142857 -0.232877 0.514677
v -0.142857 -0.244618 0.573385
v -0.135029 -0.236791 0.577299
v 0.142857 -0.244618 0.573385
v 0.135029 -0.236791 0.577299
v -0.252446 -0.248532 0.283757
v -0.248532 -0.244618 0.287671
v -0.248532 -0.248532 0.283757
v 0.252446 -0.248532 0.283757
v 0.248532 -0.248532 0.283757
v 0.248532 -0.244618 0.287671
v -0.236791 -0.248532 0.291585
v -0.240704 -0.248532 0.295499
v 0.240705 -0.248532 0.295499
v -0.256360 -0.252446 0.483366
v 0.256360 -0.252446 0.483366
v -0.142857 -0.209393 0.455969
v -0.138943 -0.225049 0.518591
v -0.166341 -0.181996 0.502935
v -0.170254 -0.166341 0.483366
v 0.142857 -0.209393 0.455969
v 0.170254 -0.166341 0.483366
v 0.166340 -0.181996 0.502935
v 0.138943 -0.225049 0.518591
v -0.131115 -0.240704 0.585127
v -0.131115 -0.232877 0.608611
v -0.135029 -0.228963 0.581213
v 0.135029 -0.228963 0.581213
v -0.138943 -0.209393 0.682975
v -0.138943 -0.209393 0.671233
v -0.154599 -0.162427 0.636008
v -0.150685 -0.158513 0.643836
v -0.174168 -0.162427 0.502935
v 0.154599 -0.162427 0.636008
v 0.174168 -0.162427 0.502935
v 0.150685 -0.158513 0.643836
v 0.138943 -0.209393 0.671233
v 0.138943 -0.209393 0.682975
v 0.064579 -0.162427 0.851272
v 0.048924 -0.158513 0.874755
v 0.001957 -0.162427 0.882583
v -0.048924 -0.158513 0.874755
v -0.064579 -0.162427 0.851272
v -0.001957 -0.197652 -0.205479
v -0.001957 -0.185910 -0.225049
v 0.001957 -0.197652 -0.205479
v 0.001957 -0.185910 -0.225049
v 0.005871 -0.178082 -0.236791
v -0.119374 -0.193738 0.733855
v -0.091977 -0.170254 0.800391
v -0.107632 -0.119374 0.776908
v -0.138943 -0.115460 0.690802
v 0.119374 -0.193738 0.733855
v 0.138943 -0.115460 0.690802
v 0.107632 -0.119374 0.776908
v 0.091977 -0.170254 0.800391
v -0.131115 -0.025440 0.620352
v 0.131115 -0.025440 0.620352
v -0.135029 -0.189824 0.303327
v -0.174168 -0.158513 0.483366
v -0.127202 -0.088063 0.264188
v -0.127202 -0.181996 0.279843
v -0.142857 -0.005871 0.499022
v -0.138943 0.001957 0.483366
v 0.135029 -0.189824 0.303327
v 0.127202 -0.181996 0.279843
v 0.127202 -0.088063 0.264188
v 0.174168 -0.158513 0.483366
v 0.138943 0.001957 0.483366
v 0.142857 -0.005871 0.499022
v -0.005871 -0.178082 -0.236791
v -0.001957 -0.178082 -0.236791
v -0.119374 -0.088063 0.244618
v 0.119374 -0.088063 0.244618
v -0.068493 -0.154599 0.855186
v 0.068493 -0.154599 0.855186
v -0.005871 -0.127202 -0.275930
v -0.005871 -0.154599 -0.256360
v -0.005871 -0.166341 -0.248532
v 0.001957 -0.178082 -0.236791
v -0.001957 -0.166341 -0.252446
v 0.001957 -0.166341 -0.252446
v 0.005871 -0.166341 -0.248532
v 0.005871 -0.154599 -0.256360
v 0.005871 -0.127202 -0.275930
v -0.084149 -0.123288 0.827789
v -0.080235 -0.115460 0.839530
v -0.088063 -0.115460 0.835616
v -0.111546 -0.115460 0.784736
v 0.084149 -0.123288 0.827789
v 0.111546 -0.115460 0.784736
v 0.088063 -0.115460 0.835616
v 0.080235 -0.115460 0.839530
v -0.001957 -0.154599 -0.260274
v -0.001957 -0.135029 -0.279843
v 0.001957 -0.154599 -0.260274
v 0.001957 -0.135029 -0.279843
v -0.127202 -0.052838 0.686888
v -0.088063 0.025440 0.636008
v 0.138943 0.013699 0.499022
v 0.088063 0.025440 0.636008
v 0.025440 -0.142857 0.902153
v 0.052838 -0.150685 0.878669
v 0.029354 -0.135029 0.906067
v 0.001957 -0.123288 0.933464
v -0.025440 -0.142857 0.902153
v -0.029354 -0.135029 0.906067
v -0.052838 -0.150685 0.878669
v -0.064579 -0.095891 0.898239
v -0.068493 -0.095891 0.890411
v 0.068493 -0.095891 0.890411
v 0.064579 -0.095891 0.898239
v -0.005871 -0.119374 -0.291585
v -0.001957 -0.123288 -0.295499
v -0.068493 -0.060666 0.909980
v -0.076321 -0.080235 0.859100
v 0.084149 -0.076321 0.855186
v 0.076321 -0.080235 0.859100
v 0.001957 -0.123288 -0.295499
v -0.001957 -0.099804 -0.315068
v 0.001957 -0.099804 -0.315068
v 0.005871 -0.119374 -0.291585
v 0.005871 -0.095890 -0.311155
v -0.001957 -0.115460 0.937378
v 0.001957 -0.115460 0.937378
v -0.001957 -0.091977 0.949119
v -0.025440 -0.088063 0.937378
v 0.001957 -0.084149 0.953033
v -0.025440 -0.080235 0.937378
v -0.064579 -0.064579 0.917808
v 0.025440 -0.088063 0.937378
v 0.001957 -0.091977 0.949119
v 0.064579 -0.064579 0.917808
v 0.025440 -0.080235 0.937378
v -0.005871 -0.095890 -0.311155
v -0.033268 0.045010 -0.080235
v -0.005871 -0.076321 -0.338552
v -0.001957 -0.091976 -0.322896
v 0.001957 -0.091976 -0.322896
v 0.005871 -0.076321 -0.338552
v 0.033268 0.045010 -0.080235
v -0.135029 -0.088063 0.816047
v -0.123288 -0.064579 0.761252
v -0.119374 -0.068493 0.753425
v -0.107632 -0.111546 0.772994
v -0.127202 -0.072407 0.726027
v 0.127202 -0.072407 0.726027
v 0.127202 -0.052838 0.686888
v 0.119374 -0.056752 0.726027
v 0.119374 -0.068493 0.753425
v 0.107632 -0.111546 0.772994
v 0.123288 -0.064579 0.761252
v 0.135029 -0.088063 0.816047
v -0.119374 -0.056752 0.726027
v -0.060665 0.037182 0.698630
v 0.060665 0.037182 0.698630
v -0.084149 -0.076321 0.855186
v -0.076321 -0.045010 0.859100
v -0.088063 -0.041096 0.851272
v -0.111546 -0.076321 0.855186
v -0.119374 -0.084149 0.847358
v -0.119374 -0.045010 0.843444
v -0.135029 -0.048924 0.823875
v 0.119374 -0.084149 0.847358
v 0.135029 -0.048924 0.823875
v 0.119374 -0.045010 0.843444
v 0.111546 -0.076321 0.855186
v 0.088063 -0.041096 0.851272
v 0.076321 -0.045010 0.859100
v -0.001957 -0.080235 -0.342466
v 0.068493 -0.060666 0.909980
v 0.064579 -0.052838 0.913894
v 0.060665 -0.056752 0.917808
v -0.060665 -0.056752 0.917808
v -0.064579 -0.052838 0.913894
v 0.001957 -0.080235 -0.342466
v -0.001957 -0.072407 -0.358121
v 0.001957 -0.072407 -0.358121
v -0.123288 -0.068493 0.256360
v -0.135029 0.021526 0.479452
v -0.072407 0.111546 0.275930
v -0.048924 0.037182 0.037182
v -0.041096 0.056752 0.017613
v 0.123288 -0.068493 0.256360
v 0.048924 0.037182 0.037182
v 0.072407 0.111546 0.275930
v 0.135029 0.021526 0.479452
v 0.041096 0.056752 0.017613
v -0.138943 -0.052838 0.808219
v -0.135029 -0.045010 0.808219
v -0.123288 -0.056752 0.761252
v 0.138943 -0.052838 0.808219
v 0.123288 -0.056752 0.761252
v 0.135029 -0.045010 0.808219
v 0.013699 -0.064579 0.917808
v 0.013699 -0.060666 0.929550
v 0.001957 -0.076321 0.949119
v -0.013699 -0.060666 0.929550
v -0.013699 -0.064579 0.917808
v -0.005871 -0.064579 -0.377691
v -0.001957 -0.068493 -0.377691
v -0.029354 0.084149 -0.088063
v -0.009785 0.076321 -0.334638
v -0.005871 0.001957 -0.487280
v -0.009785 -0.021526 -0.475538
v 0.005871 -0.064579 -0.377691
v 0.001957 -0.068493 -0.377691
v 0.001957 -0.060665 -0.405088
v 0.005871 -0.048924 -0.440313
v 0.009785 -0.021526 -0.475538
v -0.072407 -0.033268 0.855186
v -0.084149 -0.029354 0.847358
v -0.115460 -0.037182 0.839530
v 0.115460 -0.037182 0.839530
v 0.084149 -0.029354 0.847358
v 0.072407 -0.033268 0.855186
v 0.001957 -0.052838 0.921722
v -0.001957 -0.060665 -0.405088
v -0.119374 -0.060665 0.753425
v -0.072407 0.017613 0.745597
v -0.005871 -0.048924 -0.440313
v -0.001957 -0.052838 -0.440313
v -0.095890 -0.005871 0.784736
v 0.119374 -0.060665 0.753425
v 0.072407 0.017613 0.745597
v 0.095890 -0.005871 0.784736
v -0.005871 -0.021526 -0.518591
v -0.005871 -0.037182 -0.479452
v 0.001957 -0.056752 0.913894
v -0.029354 -0.033268 0.894325
v 0.029354 -0.033268 0.894325
v 0.001957 -0.033268 0.886497
v 0.033268 -0.029354 0.886497
v 0.001957 -0.013699 0.874755
v 0.001957 -0.052838 -0.440313
v -0.001957 -0.041096 -0.479452
v 0.001957 -0.041096 -0.479452
v 0.068493 0.111546 0.573385
v 0.005871 0.131115 0.655577
v 0.001957 0.080235 0.718200
v 0.001957 0.048924 0.757339
v 0.052838 0.021526 0.745597
v -0.131115 -0.041096 0.819961
v -0.091977 -0.025440 0.835616
v -0.088063 -0.001957 0.784736
v 0.088063 -0.001957 0.784736
v 0.091977 -0.025440 0.835616
v 0.131115 -0.041096 0.819961
v -0.033268 -0.029354 0.886497
v -0.001957 -0.029354 -0.518591
v 0.041096 -0.013699 0.835616
v 0.005871 -0.037182 -0.479452
v 0.001957 -0.029354 -0.518591
v 0.005871 -0.021526 -0.518591
v -0.005871 -0.025440 -0.534247
v -0.001957 -0.029354 -0.534247
v -0.041096 -0.013699 0.835616
v 0.001957 -0.005871 0.866928
v 0.001957 0.013699 0.831703
v -0.052838 0.021526 0.745597
v 0.001957 -0.029354 -0.534247
v -0.001957 -0.025440 -0.538160
v 0.001957 -0.025440 -0.538160
v 0.005871 -0.025440 -0.534247
v -0.005871 -0.021526 -0.538160
v -0.001957 -0.021526 -0.542074
v 0.005871 -0.021526 -0.538160
v 0.005871 -0.009785 -0.526419
v 0.005871 0.001957 -0.487280
v 0.001957 -0.021526 -0.542074
v -0.001957 -0.017612 -0.542074
v 0.001957 -0.017612 -0.542074
v -0.005871 -0.009785 -0.526419
v -0.001957 -0.005871 -0.530333
v 0.001957 -0.005871 -0.530333
v -0.005871 0.029354 -0.483366
v -0.005871 0.013699 -0.499022
v 0.005871 0.013699 -0.499022
v 0.005871 0.029354 -0.483366
v 0.009785 0.076321 -0.334638
v -0.001957 0.017613 -0.502935
v -0.001957 -0.013698 -0.949119
v -0.005871 -0.013698 -0.945205
v -0.005871 -0.009785 -0.949119
v -0.001957 -0.009785 -0.953033
v 0.001957 -0.009785 -0.949119
v 0.001957 -0.013698 -0.945205
v -0.001957 -0.013698 -0.945205
v -0.001957 -0.009785 -0.929550
v 0.001957 -0.009785 -0.929550
v 0.001957 0.005871 -0.874755
v -0.001957 0.005871 -0.874755
v -0.005871 -0.005871 -0.929550
v -0.005871 0.009785 -0.874755
v -0.005871 0.005871 -0.933464
v 0.005871 -0.005871 -0.929550
v -0.005871 -0.005871 -0.949119
v -0.005871 0.009785 -0.941292
v -0.001957 -0.005871 -0.953033
v 0.001957 -0.005871 -0.953033
v -0.001957 0.009785 -0.941292
v 0.001957 0.009785 -0.941292
v 0.005871 0.005871 -0.933464
v 0.001957 0.048924 -0.913894
v 0.005871 0.048924 -0.909980
v 0.005871 0.009785 -0.874755
v 0.001957 0.033268 -0.788650
v 0.001957 0.017613 -0.502935
v 0.001957 0.029354 -0.491194
v -0.005871 0.048924 -0.913894
v -0.001957 0.048924 -0.913894
v -0.001957 0.029354 -0.491194
v -0.138943 0.013699 0.499022
v -0.068493 0.111546 0.573385
v -0.076321 0.119374 0.549902
v 0.068493 0.127202 0.299413
v 0.041096 0.189824 0.463796
v 0.076321 0.119374 0.549902
v -0.001957 0.033268 -0.788650
v -0.005871 0.037182 -0.788650
v -0.005871 0.084149 -0.886497
v -0.005871 0.048924 -0.909980
v -0.005871 0.088063 -0.890411
v -0.001957 0.088063 -0.894325
v 0.005871 0.037182 -0.788650
v 0.001957 0.052838 -0.710372
v 0.005871 0.084149 -0.886497
v 0.001957 0.088063 -0.890411
v 0.005871 0.123288 -0.863014
v -0.005871 0.045010 -0.502935
v -0.001957 0.037182 -0.506849
v 0.025440 0.181996 0.565558
v -0.041096 0.189824 0.463796
v -0.033268 0.189824 0.530333
v -0.048924 0.346380 0.549902
v -0.056752 0.315068 0.373777
v -0.048924 0.189824 0.315068
v -0.048924 0.154599 0.299413
v -0.068493 0.127202 0.299413
v -0.045010 0.146771 0.268102
v -0.021526 0.131115 0.205480
v -0.056752 0.088063 0.146771
v -0.001957 0.080235 0.718200
v -0.005871 0.131115 0.655577
v 0.001957 0.037182 -0.506849
v -0.001957 0.048924 -0.534247
v 0.001957 0.048924 -0.534247
v 0.005871 0.052838 -0.530333
v 0.005871 0.045010 -0.502935
v -0.017613 0.131115 -0.181996
v -0.021526 0.158513 -0.287671
v -0.005871 0.072407 -0.565558
v -0.005871 0.052838 -0.530333
v -0.001957 0.052838 -0.710372
v 0.001957 0.064579 -0.663405
v -0.001957 0.064579 -0.663405
v -0.005871 0.056752 -0.710372
v -0.005871 0.162427 -0.843444
v -0.005871 0.189824 -0.823875
v -0.001957 0.166340 -0.847358
v -0.005871 0.123288 -0.863014
v -0.001957 0.127202 -0.866928
v 0.005871 0.056752 -0.710372
v 0.005871 0.162427 -0.843444
v 0.005871 0.189824 -0.823875
v 0.005871 0.072407 -0.663405
v 0.001957 0.127202 -0.866928
v 0.001957 0.166340 -0.847358
v -0.001957 0.064579 -0.565558
v 0.005871 0.072407 -0.565558
v 0.021527 0.158513 -0.287671
v 0.017613 0.131115 -0.181996
v 0.029354 0.084149 -0.088063
v 0.005871 0.146771 0.025440
v 0.013699 0.115460 0.123288
v 0.056752 0.088063 0.146771
v -0.005871 0.072407 -0.581213
v -0.001957 0.072407 -0.581213
v 0.001957 0.064579 -0.565558
v 0.001957 0.072407 -0.581213
v 0.001957 0.131115 0.659491
v -0.005871 0.072407 -0.663405
v -0.001957 0.080235 -0.604697
v -0.005871 0.084149 -0.604697
v -0.009785 0.209393 -0.655577
v -0.005871 0.236791 -0.780822
v -0.013699 0.115460 0.123288
v -0.005871 0.127202 0.150685
v 0.001957 0.127202 0.123288
v -0.005871 0.146771 0.025440
v -0.001957 0.158513 0.029354
v -0.005871 0.170254 -0.009785
v 0.001957 0.080235 -0.604697
v 0.005871 0.084149 -0.604697
v 0.005871 0.236791 -0.780822
v 0.005871 0.228963 -0.800391
v 0.001957 0.240705 -0.780822
v 0.001957 0.252446 -0.706458
v 0.005871 0.248532 -0.706458
v 0.009785 0.209393 -0.655577
v 0.005871 0.260274 -0.639922
v 0.005871 0.275930 -0.565558
v -0.001957 0.150685 0.667319
v -0.005871 0.213307 0.682975
v -0.029354 0.181996 0.565558
v 0.005871 0.236791 -0.334638
v 0.005871 0.209393 -0.209393
v 0.005871 0.197652 -0.131115
v 0.005871 0.170254 -0.009785
v -0.029354 0.185910 0.185910
v -0.005871 0.154599 0.111546
v 0.001957 0.150685 0.111546
v 0.001957 0.131115 0.142857
v 0.005871 0.127202 0.150685
v 0.005871 0.154599 0.111546
v 0.029354 0.185910 0.185910
v 0.021527 0.131115 0.205480
v 0.045010 0.146771 0.268102
v 0.048924 0.189824 0.315068
v 0.048924 0.154599 0.299413
v -0.041096 0.315068 0.636008
v 0.001957 0.158513 0.029354
v 0.056752 0.315068 0.373777
v 0.048924 0.346380 0.549902
v 0.033268 0.189824 0.530333
v 0.041096 0.315068 0.636008
v 0.005871 0.213307 0.682975
v 0.001957 0.193738 -0.827789
v 0.001957 0.174168 -0.005871
v -0.001957 0.174168 -0.005871
v -0.005871 0.197652 -0.131115
v -0.001957 0.189824 -0.088063
v -0.001957 0.201566 -0.131115
v -0.001957 0.217221 -0.209393
v -0.005871 0.209393 -0.209393
v -0.005871 0.236791 -0.334638
v -0.001957 0.240705 -0.334638
v -0.005871 0.256360 -0.440313
v 0.001957 0.150685 0.667319
v 0.001957 0.213307 0.686888
v 0.001957 0.174168 0.076321
v -0.005871 0.174168 0.080235
v 0.001957 0.197652 0.048924
v 0.005871 0.174168 0.080235
v -0.001957 0.213307 0.686888
v 0.001957 0.240705 0.698630
v -0.001957 0.240705 0.698630
v -0.013699 0.197652 0.088063
v -0.017613 0.315068 0.142857
v -0.005871 0.232877 0.041096
v -0.005871 0.205480 0.048924
v 0.013699 0.197652 0.088063
v 0.005871 0.205480 0.048924
v 0.005871 0.232877 0.041096
v 0.017613 0.315068 0.142857
v -0.005871 0.275930 -0.565558
v -0.005871 0.279843 -0.538160
v -0.001957 0.279843 -0.565558
v -0.001957 0.268102 -0.639922
v -0.005871 0.260274 -0.639922
v 0.005871 0.256360 -0.440313
v 0.005871 0.279843 -0.538160
v 0.001957 0.260274 -0.440313
v 0.001957 0.240705 -0.334638
v -0.001957 0.193738 -0.827789
v -0.005871 0.228963 -0.800391
v -0.001957 0.232877 -0.804305
v 0.001957 0.189824 -0.088063
v 0.001957 0.201566 -0.131115
v -0.005871 0.209393 0.037182
v 0.001957 0.201566 0.041096
v 0.005871 0.209393 0.037182
v -0.048924 0.307241 0.315068
v -0.048924 0.322896 0.322896
v -0.013699 0.330724 0.150685
v 0.048924 0.307241 0.315068
v 0.013699 0.330724 0.150685
v 0.048924 0.322896 0.322896
v -0.005871 0.248532 -0.706458
v -0.001957 0.252446 -0.706458
v -0.001957 0.240705 -0.780822
v 0.001957 0.232877 -0.804305
v -0.048924 0.354207 0.636008
v -0.045010 0.365949 0.632094
v -0.045010 0.358121 0.549902
v -0.052838 0.326810 0.377691
v 0.052838 0.326810 0.377691
v 0.045010 0.358121 0.549902
v 0.045010 0.365949 0.632094
v 0.048924 0.354207 0.636008
v 0.001957 0.217221 -0.209393
v 0.001957 0.209393 0.033268
v 0.001957 0.228963 0.033268
v -0.005871 0.311155 0.068493
v 0.001957 0.303327 0.060665
v 0.005871 0.311155 0.068493
v -0.005871 0.244618 0.694716
v -0.001957 0.264188 0.706458
v -0.005871 0.268102 0.702544
v 0.005871 0.244618 0.694716
v 0.001957 0.264188 0.706458
v 0.005871 0.268102 0.702544
v -0.001957 0.260274 -0.440313
v 0.001957 0.268102 -0.639922
v 0.001957 0.272016 0.706458
v 0.001957 0.283757 -0.538160
v -0.001957 0.283757 -0.538160
v 0.001957 0.279843 -0.565558
v -0.001957 0.272016 0.706458
v 0.001957 0.358121 0.659491
v -0.045010 0.358121 0.643836
v 0.045010 0.358121 0.643836
v 0.001957 0.448141 0.612525
v 0.001957 0.318982 0.068493
v -0.005871 0.338552 0.107632
v 0.001957 0.342466 0.107632
v 0.005871 0.338552 0.107632
v -0.001957 0.393346 0.205480
v 0.001957 0.393346 0.205480
v -0.005871 0.455969 0.432485
v -0.005871 0.428571 0.350294
v 0.005871 0.397260 0.232877
v 0.005871 0.428571 0.350294
v -0.005871 0.397260 0.232877
v 0.001957 0.401174 0.232877
v 0.005871 0.455969 0.432485
v 0.001957 0.432485 0.350294
v 0.001957 0.459883 0.432485
v 0.001957 0.455969 0.530333
v 0.001957 0.397260 0.205480
v -0.005871 0.452055 0.600783
v -0.001957 0.448141 0.612525
v 0.001957 0.452055 0.600783
v -0.001957 0.455969 0.530333
v 0.005871 0.452055 0.600783
vn -0.5403 -0.8354 0.1008
vn -0.3416 -0.8756 -0.3416
vn 0.3416 -0.8756 -0.3416
vn 0.5403 -0.8354 0.1008
vn 0.5237 -0.6719 0.5237
vn -0.5237 -0.6719 0.5237
vn -0.9233 -0.0983 0.3712
vn -0.9131 -0.3863 -0.1305
vn -0.3383 -0.4464 -0.8284
vn -0.9163 -0.0730 -0.3937
vn -0.3893 -0.1920 -0.9009
vn 0.3893 -0.1920 -0.9009
vn 0.3383 -0.4464 -0.8284
vn 0.9163 -0.0730 -0.3937
vn 0.9131 -0.3863 -0.1305
vn 0.9233 -0.0983 0.3712
vn 0.9187 -0.0845 0.3857
vn 0.3788 -0.2039 0.9027
vn 0.3875 -0.2173 0.8959
vn -0.3788 -0.2039 0.9027
vn -0.3875 -0.2173 0.8959
vn -0.9187 -0.0845 0.3857
vn -0.9705 -0.0366 -0.2383
vn -0.5145 -0.1307 -0.8475
vn -0.9745 -0.0313 -0.2220
vn -0.5319 -0.1228 -0.8378
vn 0.5319 -0.1228 -0.8378
vn 0.5145 -0.1307 -0.8475
vn 0.9745 -0.0313 -0.2220
vn 0.9705 -0.0366 -0.2383
vn 0.9722 -0.0656 0.2246
vn -0.3416 -0.8756 0.3416
vn -0.3653 -0.9208 -0.1366
vn 0.2916 -0.9563 0.0230
vn 0.0430 -0.9428 0.3306
vn -0.4314 -0.1188 0.8943
vn -0.8756 -0.3416 0.3416
vn -0.9057 -0.4192 -0.0626
vn 0.0960 -0.9946 -0.0407
vn -0.7259 -0.6740 -0.1371
vn -0.1650 -0.9711 -0.1727
vn 0.4143 -0.8905 -0.1881
vn -0.0960 -0.9946 -0.0407
vn 0.3653 -0.9208 -0.1366
vn -0.2916 -0.9563 0.0230
vn -0.4143 -0.8905 -0.1881
vn 0.1650 -0.9711 -0.1727
vn 0.7259 -0.6740 -0.1371
vn 0.9057 -0.4192 -0.0626
vn 0.3416 -0.8756 0.3416
vn 0.8756 -0.3416 0.3416
vn 0.4314 -0.1188 0.8943
vn -0.0430 -0.9428 0.3306
vn 0.3136 -0.9387 -0.1430
vn 0.4910 -0.8259 -0.2772
vn 0.2851 -0.9515 -0.1158
vn 0.2545 -0.9670 0.0077
vn 0.2301 -0.9209 0.3148
vn -0.2301 -0.9209 0.3148
vn -0.2545 -0.9670 0.0077
vn -0.2851 -0.9515 -0.1158
vn -0.4910 -0.8259 -0.2772
vn -0.3136 -0.9387 -0.1430
vn -0.3279 -0.5108 0.7947
vn -0.1955 0.5547 0.8087
vn -0.7518 0.4092 0.5170
vn 0.7518 0.4092 0.5170
vn 0.1955 0.5547 0.8087
vn 0.3279 -0.5108 0.7947
vn -0.9722 -0.0656 0.2246
vn -0.5220 -0.2484 0.8160
vn -0.9699 -0.0696 0.2335
vn 0.9699 -0.0696 0.2335
vn 0.5220 -0.2484 0.8160
vn 0.5134 -0.2384 0.8243
vn -0.7089 -0.6622 -0.2429
vn -0.9738 0.2217 -0.0512
vn -0.9965 -0.0026 -0.0831
vn -0.9267 -0.3359 -0.1685
vn -0.3419 -0.9233 -0.1752
vn -0.3921 -0.8871 -0.2436
vn 0.1508 -0.9698 -0.1916
vn 0.3419 -0.9233 -0.1752
vn -0.1508 -0.9698 -0.1916
vn 0.3921 -0.8871 -0.2436
vn 0.9267 -0.3359 -0.1685
vn 0.7089 -0.6622 -0.2429
vn 0.9965 -0.0026 -0.0831
vn 0.9738 0.2217 -0.0512
vn -0.9487 0.3162 -0.0000
vn -0.7073 0.6359 0.3088
vn 0.9487 0.3162 -0.0000
vn 0.7073 0.6359 0.3088
vn 0.1817 -0.9803 0.0770
vn -0.3420 -0.5624 0.7528
vn 0.5127 0.3500 0.7840
vn 0.3420 -0.5624 0.7528
vn 0.2681 -0.9516 -0.1503
vn -0.3611 -0.8976 -0.2528
vn -0.0449 -0.9818 -0.1846
vn 0.3463 -0.9319 -0.1082
vn -0.2681 -0.9516 -0.1503
vn -0.3463 -0.9319 -0.1082
vn 0.0449 -0.9818 -0.1846
vn 0.3611 -0.8976 -0.2528
vn -0.5246 0.5816 0.6217
vn -0.6710 0.6899 0.2717
vn -0.7028 0.7056 -0.0901
vn -0.7818 0.6194 0.0719
vn 0.7818 0.6194 0.0719
vn 0.7028 0.7056 -0.0901
vn 0.6710 0.6899 0.2717
vn 0.5246 0.5816 0.6217
vn -0.5127 0.3500 0.7840
vn -0.4352 0.4544 0.7772
vn 0.4563 0.6148 0.6433
vn 0.3865 0.5400 0.7477
vn 0.5055 0.4439 0.7399
vn 0.4352 0.4544 0.7772
vn -0.1817 -0.9803 0.0770
vn 0.1498 -0.7282 0.6688
vn -0.0461 -0.9068 0.4191
vn -0.1498 -0.7282 0.6688
vn 0.0461 -0.9068 0.4191
vn -0.4589 -0.2359 0.8566
vn -0.4737 0.1646 0.8651
vn 0.4737 0.1646 0.8651
vn -0.9935 -0.0618 -0.0952
vn -0.9267 0.3729 -0.0460
vn -0.8983 -0.3615 -0.2498
vn -0.8367 -0.5226 -0.1640
vn 0.8367 -0.5226 -0.1640
vn 0.8983 -0.3615 -0.2498
vn 0.9935 -0.0618 -0.0952
vn 0.9267 0.3729 -0.0460
vn -0.5055 0.4439 0.7399
vn -0.4884 0.1040 0.8664
vn -0.3865 0.5400 0.7477
vn 0.2939 -0.9491 -0.1133
vn 0.2557 -0.9460 -0.1993
vn 0.2032 -0.9757 0.0815
vn -0.2939 -0.9491 -0.1133
vn -0.2557 -0.9460 -0.1993
vn -0.4642 -0.8057 -0.3679
vn -0.5776 -0.7794 -0.2428
vn -0.6256 -0.7775 -0.0652
vn 0.4589 -0.2359 0.8566
vn 0.0711 -0.8165 0.5729
vn -0.2032 -0.9757 0.0815
vn 0.4884 0.1040 0.8664
vn -0.0081 -0.9029 0.4298
vn -0.1541 -0.9388 0.3079
vn -0.4650 -0.8468 -0.2585
vn -0.0711 -0.8165 0.5729
vn 0.0081 -0.9029 0.4298
vn -0.3442 -0.1443 0.9277
vn 0.0120 -0.9846 -0.1745
vn -0.0384 -0.9824 -0.1830
vn -0.0000 -0.9924 -0.1234
vn 0.5340 -0.8441 -0.0487
vn 0.5932 -0.7987 -0.1010
vn 0.6256 -0.7775 -0.0652
vn -0.9348 0.3529 -0.0393
vn -0.9918 -0.0429 -0.1201
vn -0.3475 -0.9264 -0.1451
vn -0.0120 -0.9846 -0.1745
vn 0.0384 -0.9824 -0.1830
vn 0.3475 -0.9264 -0.1451
vn 0.9348 0.3529 -0.0393
vn 0.9918 -0.0429 -0.1201
vn 0.4642 -0.8057 -0.3679
vn 0.4650 -0.8468 -0.2585
vn 0.1541 -0.9388 0.3079
vn 0.3442 -0.1443 0.9277
vn 0.0331 -0.4156 0.9090
vn 0.2281 0.2730 0.9346
vn -0.6617 -0.7041 -0.2576
vn -0.9468 0.3214 -0.0179
vn -0.9409 0.3317 -0.0680
vn -0.8619 -0.4875 -0.1395
vn 0.6617 -0.7041 -0.2576
vn 0.8619 -0.4875 -0.1395
vn 0.9409 0.3317 -0.0680
vn 0.9468 0.3214 -0.0179
vn -0.2281 0.2730 0.9346
vn 0.0089 0.3404 0.9402
vn 0.0512 0.3593 0.9318
vn -0.4563 0.6148 0.6433
vn -0.0331 -0.4156 0.9090
vn 0.5289 -0.7727 0.3510
vn 0.3563 -0.3336 0.8728
vn 0.6384 -0.7520 0.1641
vn 0.5138 -0.2961 0.8052
vn -0.5289 -0.7727 0.3510
vn -0.3563 -0.3336 0.8728
vn -0.5138 -0.2961 0.8052
vn -0.6384 -0.7520 0.1641
vn -0.6367 -0.6389 -0.4318
vn 0.1942 -0.9459 -0.2599
vn -0.5435 -0.8372 -0.0611
vn -0.1942 -0.9459 -0.2599
vn 0.6367 -0.6389 -0.4318
vn -0.5217 -0.8079 -0.2741
vn -0.5835 -0.7996 -0.1421
vn -0.0998 -0.7218 -0.6849
vn -0.0188 -0.5738 -0.8188
vn -0.4512 -0.7495 -0.4844
vn -0.5733 0.8193 -0.0012
vn -0.5377 0.8270 -0.1644
vn -0.6450 0.7461 -0.1652
vn -0.5852 0.5306 -0.6132
vn -0.7497 0.6239 -0.2207
vn 0.7465 0.6264 -0.2245
vn 0.5686 0.3820 -0.7286
vn 0.6457 0.7452 -0.1668
vn 0.5377 0.8270 -0.1644
vn 0.5733 0.8193 -0.0012
vn 0.5776 -0.7794 -0.2428
vn 0.5277 -0.8061 -0.2680
vn 0.6305 -0.7624 0.1455
vn -0.6305 -0.7624 0.1455
vn -0.5277 -0.8061 -0.2680
vn -0.0089 0.3404 0.9402
vn -0.9321 0.1928 -0.3067
vn -0.7238 0.1588 -0.6715
vn -0.2226 -0.6949 -0.6838
vn -0.1951 -0.3888 -0.9004
vn 0.3420 -0.8478 -0.4052
vn 0.1903 -0.4741 -0.8596
vn 0.5007 -0.7786 -0.3782
vn -0.3884 -0.8221 -0.4162
vn -0.1355 -0.4217 -0.8966
vn 0.1565 -0.3734 -0.9144
vn 0.2226 -0.6949 -0.6838
vn 0.7238 0.1588 -0.6715
vn 0.9321 0.1928 -0.3067
vn -0.0512 0.3593 0.9318
vn -0.5261 -0.3079 0.7927
vn 0.4906 0.2367 -0.8386
vn 0.5035 0.3622 -0.7844
vn -0.2304 -0.2359 -0.9441
vn 0.4806 -0.7760 -0.4085
vn 0.6178 -0.7701 -0.1588
vn 0.5293 -0.8381 -0.1322
vn 0.5510 -0.8170 -0.1701
vn 0.5652 -0.8163 0.1193
vn 0.3059 -0.9492 -0.0741
vn 0.2950 -0.9467 -0.1294
vn 0.2481 0.5971 0.7628
vn -0.0883 0.3364 0.9376
vn -0.5629 0.3285 -0.7584
vn -0.4316 0.3008 -0.8504
vn -0.2481 0.5971 0.7628
vn -0.3332 0.8106 0.4815
vn 0.5839 -0.7629 0.2776
vn 0.5261 -0.3079 0.7927
vn -0.5135 -0.2384 0.8243
vn 0.4130 -0.6633 0.6241
vn -0.4633 -0.5654 0.6823
vn -0.7993 -0.5718 0.1849
vn 0.0055 -0.0265 0.9996
vn 0.0883 0.3364 0.9376
vn -0.9729 -0.0500 -0.2256
vn -0.8048 -0.5481 -0.2278
vn -0.5249 -0.1875 -0.8302
vn 0.5249 -0.1875 -0.8302
vn 0.3836 -0.6881 -0.6159
vn 0.8048 -0.5481 -0.2278
vn 0.9729 -0.0500 -0.2256
vn 0.7993 -0.5718 0.1849
vn 0.4175 -0.1535 -0.8956
vn -0.5839 -0.7629 0.2776
vn -0.0055 -0.0265 0.9996
vn -0.3105 -0.4472 0.8388
vn -0.6714 -0.6749 0.3061
vn -0.0021 0.3295 0.9441
vn 0.0518 0.3725 0.9266
vn -0.7059 0.5238 -0.4767
vn -0.3159 -0.1017 -0.9433
vn 0.0021 0.3295 0.9441
vn -0.0442 -0.4586 -0.8876
vn 0.2741 -0.8737 -0.4019
vn -0.4075 -0.2613 -0.8750
vn 0.6714 -0.6749 0.3061
vn 0.5984 -0.7942 -0.1055
vn 0.6040 -0.3111 0.7337
vn 0.3105 -0.4472 0.8388
vn 0.2590 -0.9288 -0.2651
vn 0.5356 -0.8263 -0.1743
vn -0.5984 -0.7942 -0.1055
vn -0.6040 -0.3111 0.7337
vn -0.6911 -0.6841 0.2331
vn -0.5356 -0.8263 -0.1743
vn -0.4616 -0.8379 -0.2911
vn -0.5056 -0.8422 -0.1873
vn -0.0745 -0.6641 -0.7439
vn 0.1416 -0.4787 -0.8665
vn 0.6065 0.3657 -0.7060
vn 0.6807 0.5288 -0.5071
vn -0.0518 0.3725 0.9266
vn -0.5644 -0.1116 0.8179
vn -0.2950 -0.9467 -0.1294
vn -0.3059 -0.9492 -0.0741
vn -0.5791 -0.8137 -0.0505
vn -0.5510 -0.8170 -0.1701
vn 0.6911 -0.6841 0.2331
vn 0.6078 -0.3775 0.6987
vn 0.5644 -0.1116 0.8179
vn 0.3332 0.8106 0.4815
vn -0.0106 0.4223 0.9064
vn 0.2173 0.9739 0.0650
vn 0.0702 0.9093 0.4101
vn 0.0106 0.4223 0.9064
vn -0.6619 0.6633 -0.3492
vn -0.5852 0.2670 -0.7657
vn -0.1392 -0.6117 -0.7787
vn -0.5387 0.0379 -0.8417
vn 0.1441 -0.5848 -0.7983
vn -0.6078 -0.3775 0.6987
vn -0.3538 -0.1481 0.9235
vn -0.5386 -0.8031 0.2549
vn -0.1417 -0.6802 -0.7192
vn -0.0100 -0.6183 -0.7859
vn 0.6679 0.2883 -0.6861
vn 0.6738 0.2981 -0.6762
vn 0.6437 0.7611 -0.0791
vn -0.0172 -0.6240 -0.7812
vn -0.0031 -0.7947 -0.6069
vn 0.3244 -0.9450 0.0410
vn 0.5386 -0.8031 0.2549
vn 0.5988 -0.7664 -0.2327
vn 0.6962 -0.6568 0.2896
vn 0.3538 -0.1481 0.9235
vn -0.0483 -0.9975 -0.0509
vn 0.0849 -0.9939 -0.0706
vn 0.3370 -0.9124 -0.2325
vn -0.5987 -0.7664 -0.2327
vn -0.6962 -0.6568 0.2896
vn -0.6669 -0.7303 0.1481
vn -0.3370 -0.9124 -0.2325
vn -0.2590 -0.9288 -0.2651
vn -0.0849 -0.9939 -0.0706
vn 0.0483 -0.9975 -0.0509
vn 0.3827 0.0664 0.9215
vn 0.0324 0.4861 0.8733
vn -0.0702 0.9093 0.4101
vn -0.6686 0.2633 -0.6954
vn 0.7250 0.5521 -0.4117
vn 0.5948 0.5928 -0.5430
vn 0.5523 0.8272 -0.1033
vn -0.3827 0.0664 0.9215
vn -0.6571 -0.3390 0.6733
vn -0.3957 -0.6498 -0.6490
vn -0.3520 -0.8922 -0.2829
vn 0.0639 -0.9237 -0.3778
vn 0.6669 -0.7303 0.1481
vn 0.6571 -0.3390 0.6733
vn -0.0324 0.4861 0.8733
vn -0.0844 -0.9452 -0.3155
vn -0.5035 -0.7226 -0.4738
vn 0.2669 -0.7703 -0.5791
vn 0.5882 0.0096 -0.8086
vn -0.5523 0.8272 -0.1033
vn -0.5722 0.6768 -0.4633
vn -0.7480 0.5888 -0.3062
vn 0.1816 -0.9562 0.2297
vn 0.1572 -0.9430 0.2934
vn 0.1715 -0.7657 0.6199
vn -0.5067 -0.0475 -0.8608
vn -0.6265 0.0530 -0.7776
vn -0.3251 -0.3251 -0.8881
vn 0.6113 0.1294 -0.7808
vn -0.3230 -0.9442 0.0653
vn 0.0230 -0.9821 0.1871
vn -0.1990 -0.9800 0.0010
vn -0.3237 -0.9189 -0.2255
vn 0.2007 -0.9797 0.0001
vn 0.3231 -0.9287 0.1821
vn 0.0049 -0.9949 0.1010
vn -0.3185 -0.9303 0.1816
vn -0.1238 0.4104 0.9035
vn 0.1364 0.7696 0.6238
vn 0.1238 0.4104 0.9035
vn 0.2216 -0.8764 -0.4275
vn 0.0497 -0.2697 -0.9617
vn 0.6318 -0.7056 -0.3209
vn 0.1656 0.2252 -0.9601
vn -0.4967 -0.7228 -0.4805
vn 0.0052 -0.2497 -0.9683
vn 0.6172 0.4034 -0.6755
vn 0.3725 -0.8893 -0.2653
vn 0.3867 -0.8618 -0.3284
vn 0.3237 -0.9189 -0.2255
vn 0.4919 -0.6668 -0.5598
vn 0.1685 -0.9177 -0.3597
vn 0.1651 -0.9755 -0.1454
vn 0.0068 -0.9764 0.2160
vn 0.3952 -0.8692 0.2971
vn 0.0100 -0.9780 0.2085
vn -0.3869 -0.8735 0.2955
vn -0.1715 -0.7657 0.6199
vn 0.1734 -0.1384 0.9751
vn -0.1572 -0.9430 0.2935
vn 0.3770 -0.9245 0.0569
vn 0.8846 -0.3019 -0.3556
vn 0.9183 -0.3951 0.0253
vn 0.3820 -0.9181 0.1059
vn -0.3770 -0.9245 0.0569
vn -0.8846 -0.3019 -0.3556
vn -0.9183 -0.3951 0.0253
vn -0.9363 0.1745 -0.3047
vn -0.4057 0.1618 -0.8996
vn -0.3416 -0.3416 -0.8756
vn 0.3416 -0.3416 -0.8756
vn 0.4057 0.1618 -0.8996
vn 0.9363 0.1745 -0.3047
vn -0.3820 -0.9181 0.1059
vn 0.5168 -0.8480 0.1173
vn -0.5168 -0.8480 0.1173
vn -0.9241 -0.3796 0.0440
vn -0.4399 0.2586 -0.8600
vn -0.1644 0.2224 -0.9610
vn 0.3954 -0.3846 -0.8341
vn -0.6167 -0.7646 -0.1873
vn -0.3619 -0.4464 -0.8184
vn 0.6688 -0.7295 -0.1433
vn 0.3886 -0.4091 -0.8256
vn 0.5517 -0.7016 -0.4511
vn -0.1557 -0.9258 -0.3445
vn -0.4626 -0.7848 -0.4125
vn -0.5517 -0.7016 -0.4511
vn -0.1364 0.7696 0.6238
vn -0.3887 0.5796 0.7162
vn -0.3331 0.8077 0.4865
vn -0.2228 0.9609 0.1647
vn -0.0278 0.9806 0.1940
vn -0.4301 0.4808 -0.7641
vn 0.4301 0.4808 -0.7641
vn -0.9727 -0.2292 0.0360
vn -0.9666 0.1290 -0.2214
vn -0.9530 0.2142 -0.2142
vn 0.9241 -0.3796 0.0440
vn 0.9530 0.2142 -0.2142
vn 0.9666 0.1290 -0.2214
vn 0.9727 -0.2292 0.0360
vn -0.3151 -0.8912 -0.3264
vn -0.4919 -0.6668 -0.5598
vn -0.6159 -0.7035 -0.3546
vn -0.6277 -0.7484 -0.2142
vn 0.0920 -0.9389 -0.3317
vn 0.3226 -0.9330 -0.1597
vn 0.5924 -0.7138 -0.3735
vn -0.4597 0.6280 -0.6280
vn -0.1816 -0.9562 0.2297
vn 0.1637 -0.4289 0.8884
vn 0.0673 -0.7295 0.6807
vn -0.0965 -0.7762 0.6231
vn -0.1778 -0.9765 0.1219
vn -0.1734 -0.1384 0.9751
vn -0.1637 -0.4289 0.8884
vn -0.4830 -0.1020 0.8697
vn 0.1778 -0.9765 0.1219
vn 0.0965 -0.7762 0.6231
vn -0.0673 -0.7295 0.6807
vn 0.3887 0.5796 0.7162
vn 0.4830 -0.1020 0.8697
vn -0.2160 0.2901 -0.9323
vn -0.5843 0.7023 -0.4067
vn -0.1317 0.1345 -0.9821
vn 0.2418 0.2728 -0.9312
vn 0.1317 0.1345 -0.9821
vn 0.5843 0.7023 -0.4067
vn -0.3292 -0.4552 -0.8273
vn 0.0278 0.9806 0.1940
vn 0.2228 0.9609 0.1647
vn 0.3331 0.8077 0.4865
vn 0.4597 0.6280 -0.6280
vn 0.5163 0.3351 -0.7882
vn 0.5219 -0.8430 0.1306
vn 0.9153 -0.4027 0.0126
vn 0.7713 -0.6274 -0.1067
vn -0.5219 -0.8430 0.1303
vn -0.9303 -0.3415 -0.1340
vn -0.9153 -0.4027 0.0126
vn -0.3251 0.3251 -0.8881
vn 0.3292 -0.4552 -0.8273
vn -0.5165 -0.1718 0.8389
vn -0.4988 -0.2329 0.8348
vn -0.6241 0.2915 0.7249
vn 0.5165 -0.1718 0.8389
vn 0.6241 0.2915 0.7249
vn 0.4988 -0.2329 0.8348
vn -0.0111 -0.4935 0.8697
vn -0.5843 0.2251 0.7797
vn -0.7271 0.1755 0.6638
vn 0.7271 0.1755 0.6638
vn 0.5843 0.2251 0.7797
vn 0.0111 -0.4934 0.8697
vn -0.5151 0.3357 -0.7887
vn -0.1826 0.9822 -0.0449
vn -0.1454 0.9893 -0.0079
vn -0.2721 0.9008 -0.3386
vn -0.6260 0.6913 -0.3609
vn 0.6260 0.6913 -0.3609
vn 0.2721 0.9008 -0.3386
vn 0.1454 0.9893 -0.0079
vn 0.1826 0.9822 -0.0449
vn -0.1651 -0.9755 -0.1454
vn -0.0357 -0.9994 0.0018
vn 0.0688 -0.9471 -0.3136
vn 0.2329 -0.8942 -0.3823
vn -0.1685 -0.9177 -0.3597
vn 0.2360 -0.3090 -0.9213
vn -0.3216 0.1671 -0.9320
vn -0.8769 -0.3679 -0.3094
vn -0.8081 -0.4116 -0.4214
vn -0.1768 -0.9710 0.1606
vn -0.2902 -0.9013 0.3215
vn 0.0416 -0.9414 0.3348
vn 0.0357 -0.9994 0.0018
vn -0.0688 -0.9471 -0.3136
vn 0.1768 -0.9710 0.1606
vn -0.0416 -0.9414 0.3348
vn 0.2902 -0.9013 0.3215
vn -0.6908 0.6195 0.3727
vn 0.6908 0.6195 0.3727
vn -0.4693 -0.8201 0.3273
vn -0.4958 -0.8224 0.2790
vn -0.4341 -0.7754 0.4586
vn 0.4693 -0.8201 0.3273
vn 0.4341 -0.7754 0.4586
vn 0.4958 -0.8224 0.2790
vn 0.1175 -0.7627 0.6360
vn 0.1723 -0.8347 0.5230
vn -0.1479 -0.7797 0.6085
vn -0.5650 -0.0012 0.8251
vn -0.1175 -0.7627 0.6360
vn 0.5650 -0.0011 0.8251
vn 0.1479 -0.7796 0.6085
vn -0.1723 -0.8347 0.5230
vn 0.1810 -0.9313 0.3160
vn 0.3974 -0.8501 0.3455
vn 0.2349 -0.8583 0.4562
vn -0.2349 -0.8583 0.4562
vn -0.1835 -0.9520 0.2451
vn -0.9698 -0.1727 -0.1723
vn -0.9508 -0.2715 -0.1491
vn -0.9815 -0.1128 -0.1548
vn -0.9055 -0.3671 -0.2130
vn -0.6332 -0.3899 -0.6686
vn 0.9698 -0.1727 -0.1723
vn 0.6332 -0.3899 -0.6686
vn 0.9055 -0.3671 -0.2130
vn 0.9815 -0.1128 -0.1548
vn 0.9508 -0.2715 -0.1491
vn 0.3274 -0.7065 -0.6274
vn 0.6136 -0.3041 -0.7287
vn -0.2329 -0.8942 -0.3823
vn -0.2360 -0.3090 -0.9213
vn -0.6136 -0.3041 -0.7287
vn -0.3274 -0.7065 -0.6274
vn 0.8081 -0.4116 -0.4214
vn 0.8769 -0.3679 -0.3094
vn 0.3216 0.1671 -0.9320
vn 0.4626 -0.7848 -0.4125
vn 0.3923 -0.1797 -0.9021
vn 0.4256 -0.1744 -0.8880
vn 0.4600 -0.4303 -0.7767
vn 0.1557 -0.9258 -0.3445
vn 0.0941 -0.9358 -0.3399
vn 0.2011 -0.8174 -0.5398
vn 0.4768 -0.4677 -0.7443
vn 0.4797 -0.2712 -0.8345
vn -0.2011 -0.8174 -0.5398
vn -0.4797 -0.2712 -0.8345
vn -0.4768 -0.4676 -0.7443
vn -0.0941 -0.9358 -0.3399
vn -0.3262 -0.7683 -0.5508
vn -0.7569 0.5549 0.3453
vn -0.5069 0.7973 0.3277
vn 0.5069 0.7973 0.3277
vn 0.7568 0.5550 0.3453
vn -0.3974 -0.8501 0.3455
vn -0.3590 -0.8449 0.3966
vn -0.5109 -0.7798 0.3618
vn -0.6478 -0.7451 0.1588
vn 0.3251 0.3251 -0.8881
vn -0.3923 -0.1797 -0.9021
vn 0.1699 0.4700 -0.8661
vn 0.6059 0.0530 -0.7938
vn 0.3902 0.8078 -0.4417
vn 0.4392 0.8096 -0.3896
vn -0.6059 0.0530 -0.7938
vn -0.4392 0.8096 -0.3896
vn -0.3902 0.8078 -0.4417
vn -0.3179 0.8925 -0.3198
vn -0.9765 0.0439 -0.2110
vn -0.9459 -0.2791 -0.1653
vn 0.9459 -0.2791 -0.1653
vn 0.9765 0.0439 -0.2110
vn 0.3179 0.8925 -0.3198
vn 0.0341 -0.8362 0.5473
vn -0.4616 -0.2752 0.8433
vn -0.1646 -0.3175 0.9338
vn -0.0341 -0.8362 0.5473
vn 0.1646 -0.3175 0.9338
vn 0.4616 -0.2752 0.8433
vn 0.8195 -0.3321 0.4670
vn 0.7775 -0.6089 0.1575
vn 0.6478 -0.7451 0.1588
vn -0.1699 0.4700 -0.8661
vn -0.4600 -0.4303 -0.7767
vn -0.4256 -0.1744 -0.8880
vn -0.2173 0.9739 0.0650
vn -0.7559 -0.0529 0.6525
vn -0.3680 -0.3971 0.8408
vn -0.7002 0.4462 0.5574
vn 0.7559 -0.0529 0.6526
vn 0.7002 0.4462 0.5574
vn 0.3680 -0.3971 0.8408
vn -0.3517 0.4282 0.8324
vn 0.3517 0.4282 0.8324
vn 0.2092 -0.8707 0.4452
vn 0.3590 -0.8449 0.3966
vn 0.3746 -0.8438 0.3843
vn 0.0137 -0.8835 0.4683
vn -0.2103 -0.8687 0.4484
vn -0.3669 -0.8439 0.3915
vn -0.4905 -0.7581 0.4297
vn -0.3876 -0.8147 0.4312
vn 0.5109 -0.7798 0.3618
vn 0.3876 -0.8147 0.4312
vn 0.4905 -0.7581 0.4297
vn 0.3262 -0.7683 -0.5508
vn 0.6196 -0.0490 -0.7834
vn 0.6029 0.4436 -0.6631
vn 0.3709 0.8843 -0.2836
vn 0.2662 0.9476 -0.1764
vn -0.6029 0.4436 -0.6631
vn -0.2662 0.9476 -0.1764
vn -0.3709 0.8843 -0.2836
vn -0.6196 -0.0490 -0.7834
vn -0.8606 -0.3615 -0.3587
vn -0.9503 -0.1347 -0.2808
vn -0.9813 -0.1167 -0.1531
vn 0.9813 -0.1167 -0.1531
vn 0.9503 -0.1347 -0.2808
vn 0.8606 -0.3615 -0.3587
vn -0.4730 0.6780 -0.5627
vn 0.1343 0.9909 0.0057
vn -0.0212 0.9987 -0.0474
vn -0.1343 0.9909 0.0057
vn 0.0212 0.9987 -0.0474
vn -0.6137 0.7709 -0.1704
vn -0.7124 0.7017 -0.0134
vn -0.9926 0.0916 -0.0792
vn 0.6137 0.7709 -0.1704
vn 0.9926 0.0916 -0.0792
vn 0.7124 0.7017 -0.0134
vn -0.6128 0.6456 0.4558
vn -0.9287 0.1494 0.3394
vn 0.6128 0.6456 0.4558
vn 0.9287 0.1494 0.3394
vn 0.0924 0.5293 -0.8434
vn 0.2192 0.9079 -0.3572
vn 0.2599 0.3526 -0.8989
vn -0.0924 0.5293 -0.8434
vn -0.2599 0.3526 -0.8989
vn -0.2192 0.9079 -0.3572
vn 0.4730 0.6780 -0.5627
vn 0.1800 0.9813 0.0688
vn -0.1800 0.9813 0.0688
vn 0.0599 0.9982 -0.0015
vn -0.0599 0.9982 -0.0015
vn -0.9180 -0.3922 -0.0581
vn -0.9956 -0.0934 0.0084
vn -0.8954 -0.4448 -0.0212
vn -0.8903 -0.4409 -0.1141
vn 0.9180 -0.3922 -0.0581
vn 0.8903 -0.4409 -0.1141
vn 0.8954 -0.4448 -0.0212
vn 0.9956 -0.0933 0.0084
vn -0.8195 -0.3321 0.4670
vn -0.7775 -0.6089 0.1575
vn -0.9497 -0.2854 0.1288
vn 0.9497 -0.2854 0.1288
vn -0.8750 -0.4144 0.2503
vn -0.9395 -0.3420 0.0194
vn -0.9727 0.1370 0.1874
vn -0.9633 0.1060 0.2466
vn -0.9922 -0.1141 0.0504
vn 0.9727 0.1370 0.1874
vn 0.9922 -0.1141 0.0504
vn 0.9633 0.1060 0.2466
vn 0.9395 -0.3420 0.0194
vn 0.8750 -0.4144 0.2503
vn 0.5384 -0.7142 0.4473
vn 0.4136 -0.7167 0.5615
vn 0.0076 -0.7991 0.6012
vn -0.4084 -0.7220 0.5585
vn -0.5329 -0.7179 0.4478
vn -0.4548 -0.7597 -0.4648
vn -0.2640 -0.8426 -0.4693
vn 0.4548 -0.7597 -0.4648
vn 0.2640 -0.8426 -0.4693
vn 0.6155 -0.6278 -0.4765
vn -0.7886 -0.4217 0.4475
vn -0.8095 -0.3705 0.4555
vn -0.9615 -0.1953 0.1934
vn -0.9718 0.0685 0.2255
vn 0.7886 -0.4217 0.4475
vn 0.9724 0.0677 0.2232
vn 0.9553 -0.2078 0.2103
vn 0.8095 -0.3705 0.4555
vn -0.8926 0.4103 0.1866
vn 0.8926 0.4103 0.1866
vn -0.9489 -0.1809 -0.2586
vn -0.9916 -0.1005 -0.0817
vn -0.9645 0.0495 -0.2593
vn -0.9105 -0.1457 -0.3871
vn -0.9711 0.2347 0.0426
vn -0.9729 0.1898 -0.1323
vn 0.9489 -0.1809 -0.2586
vn 0.9105 -0.1457 -0.3871
vn 0.9645 0.0495 -0.2593
vn 0.9916 -0.1005 -0.0817
vn 0.9729 0.1898 -0.1323
vn 0.9711 0.2347 0.0426
vn -0.6155 -0.6278 -0.4765
vn -0.0222 -0.7984 -0.6018
vn -0.9351 -0.0280 -0.3532
vn 0.9351 -0.0280 -0.3532
vn -0.7960 -0.3826 0.4691
vn 0.7960 -0.3826 0.4691
vn -0.9697 -0.1763 -0.1690
vn -0.8387 -0.3247 -0.4371
vn -0.7898 -0.4321 -0.4352
vn 0.0222 -0.7984 -0.6018
vn -0.3094 -0.6386 -0.7046
vn 0.3094 -0.6386 -0.7046
vn 0.7898 -0.4321 -0.4352
vn 0.8387 -0.3247 -0.4371
vn 0.9697 -0.1763 -0.1690
vn -0.8296 -0.3683 0.4197
vn -0.7709 -0.3137 0.5543
vn -0.4516 -0.6609 0.5994
vn -0.7615 -0.6452 -0.0614
vn 0.8296 -0.3683 0.4197
vn 0.7615 -0.6452 -0.0614
vn 0.4516 -0.6609 0.5994
vn 0.7709 -0.3137 0.5543
vn -0.3235 -0.6101 -0.7233
vn -0.5282 -0.6332 -0.5658
vn 0.3235 -0.6101 -0.7233
vn 0.5282 -0.6332 -0.5658
vn -0.9056 0.3819 0.1847
vn -0.8303 0.4899 0.2656
vn 0.9470 0.3036 0.1048
vn 0.8303 0.4899 0.2656
vn 0.3000 -0.6916 0.6570
vn 0.6135 -0.4765 0.6297
vn 0.5154 -0.4845 0.7069
vn 0.1001 -0.5946 0.7978
vn -0.2884 -0.6918 0.6620
vn -0.5020 -0.4884 0.7138
vn -0.6135 -0.4765 0.6297
vn -0.7569 -0.3425 0.5566
vn -0.9182 -0.2034 0.3399
vn 0.9182 -0.2034 0.3399
vn 0.7569 -0.3425 0.5566
vn -0.9465 -0.2386 -0.2174
vn -0.4463 -0.6485 -0.6167
vn -0.9283 0.0797 0.3631
vn -0.8525 -0.1207 0.5086
vn 0.2906 -0.1650 0.9425
vn 0.8525 -0.1207 0.5086
vn 0.4463 -0.6485 -0.6167
vn -0.4649 -0.5967 -0.6540
vn 0.4650 -0.5967 -0.6540
vn 0.9465 -0.2386 -0.2174
vn 0.9379 -0.2461 -0.2443
vn -0.2737 -0.4776 0.8349
vn 0.2696 -0.4462 0.8533
vn -0.2704 -0.3675 0.8898
vn -0.5273 -0.2461 0.8133
vn 0.0518 0.0324 0.9981
vn -0.4154 0.3278 0.8485
vn -0.7182 -0.0208 0.6955
vn 0.5406 -0.2564 0.8012
vn 0.2381 -0.4343 0.8687
vn 0.7182 -0.0208 0.6955
vn 0.4427 0.3326 0.8327
vn -0.9379 -0.2461 -0.2443
vn -0.9959 0.0192 -0.0882
vn -0.9285 -0.3307 -0.1690
vn -0.4017 -0.7280 -0.5555
vn 0.4017 -0.7280 -0.5555
vn 0.9285 -0.3307 -0.1690
vn 0.9959 0.0192 -0.0882
vn -0.8924 -0.4310 0.1336
vn -0.9238 -0.1453 -0.3541
vn -0.9940 -0.0927 -0.0579
vn -0.9894 -0.1429 -0.0250
vn -0.9516 0.1946 0.2377
vn 0.9509 0.2013 0.2353
vn 0.9056 0.3819 0.1847
vn 0.8652 0.4766 0.1558
vn 0.9940 -0.0927 -0.0579
vn 0.9942 -0.0708 0.0814
vn 0.9238 -0.1453 -0.3541
vn 0.8924 -0.4310 0.1336
vn -0.8652 0.4766 0.1558
vn -0.7101 0.6238 0.3266
vn 0.7133 0.6224 0.3222
vn -0.2906 -0.1650 0.9425
vn -0.7855 0.2367 0.5718
vn -0.3471 0.2997 0.8887
vn -0.3495 -0.1245 0.9286
vn -0.6497 -0.3873 0.6541
vn -0.5786 0.3665 0.7286
vn -0.8858 0.2628 0.3825
vn 0.6497 -0.3873 0.6541
vn 0.8858 0.2628 0.3825
vn 0.5786 0.3665 0.7286
vn 0.3495 -0.1245 0.9286
vn 0.3471 0.2997 0.8887
vn 0.7855 0.2367 0.5718
vn -0.4552 -0.7814 -0.4267
vn 0.9283 0.0797 0.3631
vn 0.5684 0.5360 0.6242
vn 0.3132 0.4699 0.8253
vn -0.3132 0.4699 0.8253
vn -0.5684 0.5360 0.6242
vn 0.4552 -0.7814 -0.4267
vn -0.2629 -0.9175 -0.2986
vn 0.2629 -0.9175 -0.2986
vn -0.9625 0.1501 -0.2260
vn -0.9354 0.3473 -0.0661
vn -0.8700 0.4430 -0.2163
vn -0.9744 0.0628 -0.2157
vn -0.9426 0.3231 -0.0839
vn 0.9625 0.1501 -0.2260
vn 0.9744 0.0628 -0.2157
vn 0.8700 0.4430 -0.2163
vn 0.9354 0.3473 -0.0661
vn 0.9426 0.3231 -0.0839
vn -0.9853 0.1547 -0.0724
vn -0.8300 0.5478 -0.1052
vn -0.8269 0.3262 -0.4581
vn 0.9853 0.1547 -0.0724
vn 0.8269 0.3262 -0.4581
vn 0.8300 0.5478 -0.1052
vn 0.3762 0.8214 0.4286
vn 0.5655 0.7675 0.3018
vn 0.0316 0.5582 0.8291
vn -0.5526 0.7823 0.2875
vn -0.3265 0.8405 0.4324
vn -0.8815 -0.4584 -0.1130
vn -0.3730 -0.9021 -0.2170
vn -0.9802 0.1947 -0.0356
vn -0.9989 -0.0116 -0.0446
vn -0.9974 0.0574 -0.0440
vn -0.9956 -0.0533 -0.0766
vn 0.8815 -0.4584 -0.1130
vn 0.3730 -0.9021 -0.2170
vn 0.3183 -0.9192 -0.2320
vn 0.8697 -0.4772 -0.1261
vn 0.9956 -0.0533 -0.0766
vn -0.4221 0.7133 0.5595
vn -0.2866 0.6992 0.6550
vn -0.4635 0.7256 0.5087
vn 0.4635 0.7256 0.5087
vn 0.2866 0.6992 0.6550
vn 0.4221 0.7133 0.5595
vn 0.0558 0.9982 0.0228
vn -0.3183 -0.9192 -0.2320
vn -0.9365 0.2541 -0.2417
vn -0.5504 0.8124 0.1924
vn -0.8697 -0.4772 -0.1261
vn -0.3723 -0.8985 -0.2326
vn -0.6548 0.7531 0.0645
vn 0.9365 0.2541 -0.2417
vn 0.5504 0.8124 0.1924
vn 0.6548 0.7531 0.0645
vn -0.9820 -0.1869 -0.0259
vn -0.8681 -0.4736 -0.1489
vn 0.0388 0.9255 0.3768
vn -0.0369 0.7573 0.6520
vn 0.0285 0.7554 0.6547
vn -0.0132 0.6324 0.7745
vn 0.2933 0.8532 0.4313
vn 0.0036 0.6731 0.7395
vn 0.3723 -0.8985 -0.2326
vn -0.3727 -0.8888 -0.2667
vn 0.3727 -0.8888 -0.2667
vn 0.7995 0.4615 0.3844
vn 0.8131 0.3079 0.4940
vn 0.3245 0.7255 0.6070
vn 0.0192 0.8681 0.4961
vn 0.3526 0.8619 0.3644
vn -0.7023 0.6741 0.2288
vn -0.3003 0.8658 0.4002
vn -0.3211 0.8838 0.3402
vn 0.3211 0.8838 0.3402
vn 0.3003 0.8658 0.4002
vn 0.7023 0.6741 0.2288
vn -0.2833 0.8583 0.4278
vn -0.5261 -0.8427 -0.1145
vn 0.3652 0.8473 0.3857
vn 0.8681 -0.4736 -0.1489
vn 0.5261 -0.8427 -0.1145
vn 0.9820 -0.1869 -0.0259
vn -0.8746 -0.4344 -0.2152
vn -0.3469 0.8548 0.3860
vn 0.0183 0.8604 0.5094
vn 0.0188 0.8924 0.4508
vn -0.3369 0.8680 0.3649
vn -0.3029 -0.6738 -0.6739
vn 0.3029 -0.6738 -0.6739
vn 0.8746 -0.4344 -0.2152
vn -0.8859 -0.1118 -0.4502
vn 0.8859 -0.1118 -0.4502
vn 0.9508 0.2274 -0.2103
vn 0.9974 0.0574 -0.0440
vn -0.4093 0.3662 -0.8357
vn 0.4093 0.3662 -0.8357
vn -0.9508 0.2274 -0.2103
vn -0.4550 0.6532 -0.6052
vn 0.4550 0.6532 -0.6052
vn -0.9922 -0.0113 -0.1238
vn -0.9551 0.2173 -0.2015
vn 0.9551 0.2173 -0.2015
vn 0.9922 -0.0113 -0.1238
vn 0.9989 -0.0116 -0.0446
vn -0.4642 0.6501 -0.6016
vn -0.0000 -0.8552 -0.5183
vn -0.6826 -0.7294 -0.0438
vn -0.8727 -0.2257 -0.4330
vn -0.1217 -0.4360 -0.8917
vn 0.8396 -0.3780 -0.3901
vn 0.6078 -0.7866 -0.1089
vn -0.0000 -0.9925 0.1222
vn -0.3406 -0.8964 0.2836
vn 0.3734 -0.8963 0.2392
vn 0.3715 -0.8890 0.2676
vn -0.3715 -0.8890 0.2676
vn -0.9260 -0.3538 0.1318
vn -0.9183 -0.3789 0.1152
vn -1.0000 -0.0000 -0.0000
vn 0.9274 -0.3718 0.0405
vn -0.8994 0.1123 -0.4225
vn -0.7107 0.4063 -0.5743
vn -0.3360 0.2642 -0.9040
vn 0.6127 0.0743 -0.7868
vn -0.0000 0.5868 -0.8097
vn 0.5444 0.4925 -0.6790
vn 0.9785 0.0884 -0.1863
vn 0.3771 0.4688 -0.7988
vn 0.9075 0.2111 -0.3633
vn 0.9183 -0.3789 0.1152
vn 0.3761 -0.8910 0.2545
vn 0.4642 0.6501 -0.6016
vn 0.7277 -0.1021 -0.6782
vn -0.7240 0.3543 -0.5919
vn -0.0000 0.5117 -0.8592
vn -0.7277 -0.1021 -0.6782
vn -0.9470 0.3036 0.1048
vn -0.8058 0.4484 0.3868
vn -0.8532 0.4551 0.2548
vn 0.8527 0.5036 -0.1392
vn 0.9783 0.2012 0.0496
vn 0.8469 0.4630 0.2615
vn -0.3761 -0.8910 0.2545
vn -0.9231 -0.3705 0.1036
vn -0.9020 0.2389 -0.3596
vn -0.0044 0.5243 -0.8515
vn 0.9231 -0.3705 0.1036
vn 0.3757 -0.8991 0.2248
vn 0.9526 0.1633 -0.2565
vn 0.7323 0.3552 -0.5810
vn 0.9524 0.1481 -0.2664
vn -0.9754 -0.2031 -0.0862
vn -0.5411 -0.7687 -0.3410
vn 0.9434 0.1584 0.2914
vn -0.9783 0.2012 0.0496
vn -0.9707 0.2048 0.1254
vn -0.9938 0.1100 0.0171
vn -0.9915 0.1248 -0.0362
vn -0.9988 -0.0104 -0.0479
vn -0.9389 0.3210 -0.1244
vn -0.8527 0.5036 -0.1392
vn -0.9186 0.2875 -0.2712
vn -0.8990 0.3158 -0.3034
vn -0.8807 0.4330 -0.1921
vn -0.3299 0.7165 0.6146
vn -0.7507 0.3131 0.5818
vn 0.5411 -0.7687 -0.3410
vn -0.4434 -0.8124 -0.3787
vn 0.4434 -0.8124 -0.3787
vn 0.9409 -0.3087 -0.1394
vn 0.9754 -0.2031 -0.0862
vn -0.9929 0.1186 -0.0095
vn -0.9975 0.0603 0.0373
vn -0.9695 -0.2382 -0.0570
vn -0.9409 -0.3087 -0.1394
vn -0.3757 -0.8991 0.2248
vn 0.5121 -0.8288 0.2253
vn -0.5121 -0.8288 0.2253
vn -0.9210 -0.3778 0.0956
vn -0.9460 0.1643 -0.2794
vn -0.9538 0.1657 -0.2505
vn -0.4450 0.4645 -0.7657
vn -0.9569 0.1574 -0.2439
vn -0.4583 0.4579 -0.7617
vn 0.9210 -0.3778 0.0956
vn 0.9460 0.1643 -0.2794
vn 0.9538 0.1657 -0.2505
vn 0.9705 -0.2329 0.0623
vn 0.4655 0.4402 -0.7678
vn 0.4450 0.4645 -0.7657
vn -0.4853 -0.7957 -0.3625
vn 0.9557 -0.2684 -0.1210
vn 0.9975 0.0603 0.0373
vn 0.9929 0.1186 -0.0095
vn 0.9802 0.1947 -0.0356
vn 0.9507 0.3002 0.0775
vn 0.7034 0.7060 -0.0829
vn 0.8807 0.4330 -0.1922
vn -0.7233 -0.6446 -0.2477
vn -0.0000 -0.9239 -0.3827
vn 0.5004 -0.7711 -0.3936
vn 0.4349 -0.8422 -0.3187
vn 0.2229 0.2846 0.9324
vn -0.9705 -0.2329 0.0623
vn -0.3977 -0.9143 -0.0766
vn -0.9410 -0.3348 -0.0482
vn -0.9994 0.0232 -0.0241
vn -0.9084 0.4001 -0.1214
vn -0.6633 0.7433 -0.0869
vn -0.8880 0.3388 -0.3107
vn 0.0900 0.9952 0.0384
vn -0.9490 0.3029 0.0874
vn -0.5963 0.7378 0.3163
vn -0.9184 0.3772 0.1193
vn 0.4167 -0.9080 -0.0435
vn 0.9356 -0.3517 -0.0296
vn 0.9084 0.4001 -0.1214
vn 0.9311 0.2896 -0.2219
vn 0.3743 0.8998 -0.2242
vn 0.3886 0.9060 -0.1677
vn 0.9064 0.4166 -0.0692
vn 0.9994 0.0232 -0.0241
vn 0.9609 0.2705 -0.0591
vn 0.9046 0.4214 -0.0642
vn -0.4251 -0.3032 0.8529
vn -0.8499 -0.2022 0.4866
vn -0.9515 0.1750 0.2529
vn 0.8737 0.4774 0.0933
vn 0.9513 0.3031 0.0560
vn 0.8855 0.4527 0.1043
vn 0.9184 0.3772 0.1193
vn -0.9759 -0.0936 -0.1970
vn -0.7292 -0.5667 -0.3836
vn 0.1490 -0.8165 -0.5577
vn 0.2713 -0.3110 -0.9109
vn 0.9076 0.3289 -0.2609
vn 0.8227 -0.4709 -0.3186
vn 0.9759 -0.0936 -0.1970
vn 0.8990 0.3158 -0.3034
vn 0.9186 0.2875 -0.2712
vn 0.9988 -0.0104 -0.0479
vn 0.9389 0.3210 -0.1244
vn -0.9623 -0.1717 0.2108
vn 0.5921 0.7453 0.3064
vn 0.9915 0.1248 -0.0362
vn 0.9938 0.1100 0.0171
vn 0.9670 0.1970 0.1619
vn 0.9617 -0.1762 0.2097
vn 0.8551 -0.2042 0.4765
vn 0.4598 0.4857 -0.7434
vn 0.4246 0.8614 0.2787
vn -0.4246 0.8614 0.2787
vn -0.8855 0.4527 0.1043
vn -0.2308 0.9484 0.2173
vn -0.3737 0.9030 0.2118
vn -0.5170 0.8406 0.1616
vn -0.9513 0.3031 0.0560
vn -0.8737 0.4774 0.0933
vn -0.3786 0.9099 0.1695
vn -0.8788 0.4680 0.0929
vn 0.4249 -0.2983 0.8547
vn 0.3712 -0.3249 0.8699
vn 0.1257 -0.7853 -0.6062
vn -0.6843 -0.5903 -0.4281
vn 0.1790 -0.7688 -0.6140
vn 0.7665 -0.5237 -0.3718
vn -0.3712 -0.3249 0.8699
vn 0.4297 -0.3158 0.8459
vn -0.4297 -0.3158 0.8459
vn -0.9761 -0.1203 -0.1808
vn -0.9737 0.1694 -0.1527
vn -0.8621 0.1313 -0.4894
vn -0.8888 -0.3606 -0.2827
vn 0.9761 -0.1203 -0.1808
vn 0.9474 -0.2425 -0.2088
vn 0.9367 0.0897 -0.3384
vn 0.9737 0.1694 -0.1527
vn -0.9046 0.4213 -0.0642
vn -0.9071 0.4203 0.0216
vn -0.3794 0.9150 -0.1374
vn -0.5131 0.8411 -0.1712
vn -0.9609 0.2705 -0.0591
vn 0.8788 0.4681 0.0929
vn 0.9071 0.4203 0.0216
vn 0.3797 0.9047 0.1932
vn 0.3786 0.9099 0.1695
vn -0.4598 0.4857 -0.7434
vn -0.9311 0.2896 -0.2219
vn -0.4218 0.7043 -0.5710
vn 0.2308 0.9484 0.2173
vn 0.3738 0.9030 0.2118
vn -0.7892 -0.3150 -0.5272
vn 0.1631 -0.8666 -0.4716
vn 0.8778 -0.2487 -0.4093
vn -0.9857 0.0491 -0.1612
vn -0.9614 0.2374 -0.1388
vn -0.9439 0.2989 -0.1404
vn 0.9857 0.0491 -0.1612
vn 0.9439 0.2989 -0.1404
vn 0.9614 0.2374 -0.1388
vn -0.9064 0.4166 -0.0692
vn -0.3886 0.9060 -0.1677
vn -0.3743 0.8998 -0.2242
vn 0.4218 0.7043 -0.5710
vn -0.9770 0.0729 0.2005
vn -0.8963 0.4188 0.1457
vn -0.9353 0.3534 -0.0195
vn -0.9338 0.3530 -0.0592
vn 0.9338 0.3530 -0.0592
vn 0.9353 0.3534 -0.0195
vn 0.8963 0.4188 0.1457
vn 0.9770 0.0729 0.2005
vn 0.5170 0.8406 0.1616
vn 0.1404 -0.3383 -0.9305
vn 0.1596 0.1985 -0.9670
vn -0.7857 0.3381 -0.5181
vn 0.1658 0.3508 -0.9216
vn 0.8771 0.2518 -0.4090
vn -0.8559 -0.1724 0.4875
vn -0.4057 -0.1619 0.8996
vn -0.8203 -0.0607 0.5687
vn 0.8559 -0.1724 0.4875
vn 0.4057 -0.1618 0.8996
vn 0.8203 -0.0607 0.5687
vn -0.3797 0.9047 0.1932
vn 0.5131 0.8411 -0.1712
vn 0.3534 0.2008 0.9137
vn 0.3672 0.9292 0.0422
vn -0.3672 0.9292 0.0422
vn 0.3794 0.9150 -0.1374
vn -0.3536 0.2016 0.9134
vn 0.0158 0.4720 0.8815
vn -0.7157 0.3149 0.6234
vn 0.7219 0.3123 0.6174
vn 0.3207 0.7170 0.6189
vn 0.1572 0.7108 -0.6856
vn -0.7474 0.5746 -0.3335
vn 0.1545 0.8625 -0.4820
vn 0.8397 0.4708 -0.2707
vn -0.8003 0.5544 -0.2283
vn 0.9816 0.1711 -0.0852
vn -0.7158 0.6909 -0.1015
vn -0.7194 0.6659 -0.1974
vn 0.8336 0.5235 -0.1766
vn 0.8192 0.5500 -0.1625
vn -0.7433 0.6402 -0.1941
vn 0.1659 0.9557 -0.2433
vn 0.8222 0.5636 -0.0798
vn 0.1595 0.9447 -0.2864
vn 0.1531 0.9788 -0.1360
vn 0.5350 0.8442 0.0340
vn 0.3592 0.8910 -0.2779
vn -0.5387 0.8228 0.1811
vn -0.3210 0.7164 0.6195
vn -0.0000 0.9823 0.1875
vn -0.5350 0.8442 0.0337
vn 0.5387 0.8228 0.1811
vt 0.246294 0.116766
vt 0.246308 0.115310
vt 0.247764 0.115324
vt 0.247750 0.116780
vt 0.247736 0.118235
vt 0.246531 0.118202
vt 0.239207 0.119408
vt 0.244250 0.115291
vt 0.245296 0.113518
vt 0.238250 0.115148
vt 0.239335 0.112815
vt 0.247177 0.107294
vt 0.247783 0.113265
vt 0.150257 0.189952
vt 0.153460 0.198265
vt 0.150463 0.198858
vt 0.147260 0.190546
vt 0.148245 0.187654
vt 0.144030 0.199652
vt 0.144176 0.188427
vt 0.142607 0.217666
vt 0.140988 0.199938
vt 0.142050 0.188815
vt 0.139542 0.217695
vt 0.098707 0.146900
vt 0.098707 0.128954
vt 0.100883 0.146900
vt 0.247783 0.125661
vt 0.239820 0.121373
vt 0.231854 0.247143
vt 0.231854 0.265393
vt 0.229673 0.265128
vt 0.226698 0.264231
vt 0.516927 0.684280
vt 0.518575 0.701883
vt 0.513862 0.684567
vt 0.507335 0.684703
vt 0.505565 0.704329
vt 0.504258 0.684666
vt 0.500700 0.704412
vt 0.498802 0.947575
vt 0.503660 0.947180
vt 0.503660 0.971254
vt 0.498802 0.971649
vt 0.496623 0.971649
vt 0.496623 0.947575
vt 0.498558 0.704026
vt 0.300070 0.032505
vt 0.304419 0.056146
vt 0.299577 0.056636
vt 0.295229 0.032996
vt 0.294215 0.013315
vt 0.502116 0.684280
vt 0.279874 0.056254
vt 0.282028 0.032018
vt 0.155749 0.217695
vt 0.505640 0.416673
vt 0.501851 0.414653
vt 0.505766 0.411874
vt 0.204083 0.351653
vt 0.206584 0.347747
vt 0.205864 0.350591
vt 0.205584 0.354173
vt 0.202651 0.354214
vt 0.504211 0.419353
vt 0.500422 0.417332
vt 0.493264 0.407531
vt 0.490985 0.411170
vt 0.681768 0.984109
vt 0.678268 0.984610
vt 0.681563 0.980360
vt 0.487414 0.404836
vt 0.511495 0.403875
vt 0.320791 0.018132
vt 0.316061 0.025412
vt 0.312555 0.021724
vt 0.306478 0.011562
vt 0.918115 0.099403
vt 0.928318 0.115629
vt 0.912288 0.099958
vt 0.918254 0.092390
vt 0.929187 0.089315
vt 0.317781 0.029549
vt 0.313223 0.026718
vt 0.313565 0.029575
vt 0.310471 0.028723
vt 0.311993 0.024513
vt 0.339774 0.281510
vt 0.343419 0.257355
vt 0.352403 0.253025
vt 0.368135 0.290260
vt 0.222286 0.376795
vt 0.222286 0.347126
vt 0.235254 0.367703
vt 0.227137 0.376426
vt 0.215831 0.345548
vt 0.219465 0.348431
vt 0.215370 0.350608
vt 0.159048 0.038914
vt 0.169404 0.044381
vt 0.159440 0.044226
vt 0.155186 0.041869
vt 0.956465 0.410189
vt 0.959564 0.406523
vt 0.968131 0.413549
vt 0.967127 0.438930
vt 0.913169 0.145130
vt 0.906123 0.106104
vt 0.216899 0.353143
vt 0.205471 0.357104
vt 0.203398 0.357024
vt 0.506890 0.420781
vt 0.503201 0.421247
vt 0.313374 0.031598
vt 0.311034 0.032066
vt 0.169820 0.048124
vt 0.169908 0.051198
vt 0.157970 0.046927
vt 0.222635 0.288455
vt 0.226657 0.289996
vt 0.336061 0.000483
vt 0.340757 0.001763
vt 0.336487 0.021125
vt 0.522998 0.967307
vt 0.531286 0.986251
vt 0.213553 0.261826
vt 0.219218 0.967743
vt 0.218206 0.989065
vt 0.199128 0.966081
vt 0.218728 0.962638
vt 0.275023 0.056636
vt 0.278952 0.032136
vt 0.197826 0.961572
vt 0.342932 0.001719
vt 0.343357 0.022360
vt 0.228838 0.290260
vt 0.679401 0.978399
vt 0.676425 0.984293
vt 0.675704 0.975631
vt 0.687119 0.973510
vt 0.688197 0.976596
vt 0.715819 0.094052
vt 0.719732 0.093708
vt 0.718598 0.103683
vt 0.713753 0.104371
vt 0.710455 0.093347
vt 0.692023 0.978779
vt 0.969968 0.897500
vt 0.962376 0.905688
vt 0.965281 0.896083
vt 0.974366 0.886343
vt 0.977573 0.889325
vt 0.972509 0.899271
vt 0.964917 0.907458
vt 0.967458 0.909229
vt 0.911233 0.097096
vt 0.909720 0.094390
vt 0.916528 0.090169
vt 0.499412 0.419226
vt 0.487414 0.437160
vt 0.489835 0.412983
vt 0.923093 0.082176
vt 0.906123 0.070582
vt 0.317651 0.032085
vt 0.306478 0.054866
vt 0.330967 0.030440
vt 0.236519 0.370508
vt 0.230414 0.380021
vt 0.227601 0.381268
vt 0.224603 0.380578
vt 0.157237 0.048975
vt 0.155074 0.045891
vt 0.959032 0.402324
vt 0.961037 0.401118
vt 0.713359 0.112280
vt 0.717884 0.112036
vt 0.208846 0.225360
vt 0.204658 0.226545
vt 0.204658 0.210552
vt 0.920931 0.546893
vt 0.932833 0.542636
vt 0.951673 0.546893
vt 0.125064 0.526583
vt 0.141590 0.494946
vt 0.141590 0.576981
vt 0.368135 0.237220
vt 0.622997 0.224775
vt 0.607266 0.208970
vt 0.622997 0.171735
vt 0.500279 0.198447
vt 0.516805 0.148049
vt 0.516805 0.230084
vt 0.950425 0.732888
vt 0.915806 0.741579
vt 0.935140 0.734673
vt 0.949920 0.728565
vt 0.665475 0.308319
vt 0.662407 0.311406
vt 0.657577 0.303538
vt 0.648307 0.294087
vt 0.215149 0.375214
vt 0.219465 0.372967
vt 0.938233 0.921768
vt 0.935174 0.922107
vt 0.910416 0.852346
vt 0.950425 0.852346
vt 0.952195 0.752510
vt 0.952195 0.822994
vt 0.917784 0.767426
vt 0.660969 0.998212
vt 0.660969 0.962702
vt 0.980513 0.930957
vt 0.980513 0.893219
vt 0.909679 0.460044
vt 0.872571 0.465478
vt 0.872571 0.400119
vt 0.909718 0.385257
vt 0.748517 0.946754
vt 0.771574 0.875609
vt 0.751592 0.946885
vt 0.157841 0.069025
vt 0.155074 0.067683
vt 0.217578 0.355103
vt 0.228483 0.383257
vt 0.233462 0.379606
vt 0.237135 0.399993
vt 0.774649 0.875740
vt 0.798216 0.946885
vt 0.964434 0.307959
vt 0.964434 0.261335
vt 0.973434 0.281854
vt 0.950104 0.382076
vt 0.973434 0.382076
vt 0.963838 0.399327
vt 0.957929 0.398404
vt 0.968120 0.409911
vt 0.969577 0.407843
vt 0.736620 0.982059
vt 0.735348 0.983829
vt 0.725965 0.979524
vt 0.735988 0.979027
vt 0.238542 0.371308
vt 0.079713 0.321643
vt 0.078133 0.323155
vt 0.075655 0.312907
vt 0.079620 0.311997
vt 0.081994 0.321188
vt 0.240397 0.372444
vt 0.741579 0.994672
vt 0.727489 0.985646
vt 0.735471 0.987449
vt 0.970580 0.406613
vt 0.721087 0.103743
vt 0.723881 0.102005
vt 0.723103 0.112162
vt 0.720975 0.112230
vt 0.721181 0.125661
vt 0.920999 0.545878
vt 0.930165 0.536219
vt 0.934134 0.729912
vt 0.949067 0.725608
vt 0.660813 0.314039
vt 0.654509 0.306625
vt 0.652914 0.309258
vt 0.660157 0.316114
vt 0.649999 0.311647
vt 0.980113 0.891095
vt 0.723881 0.084315
vt 0.247783 0.369023
vt 0.082286 0.313033
vt 0.084954 0.306274
vt 0.245764 0.062549
vt 0.249696 0.072695
vt 0.245764 0.084954
vt 0.971664 0.696282
vt 0.962664 0.716801
vt 0.962664 0.670176
vt 0.071762 0.311588
vt 0.075058 0.322631
vt 0.055749 0.329198
vt 0.055749 0.299923
vt 0.258402 0.064704
vt 0.256201 0.084528
vt 0.254497 0.073349
vt 0.080562 0.306035
vt 0.741579 0.957341
vt 0.725706 0.975862
vt 0.715052 0.961942
vt 0.364595 0.044247
vt 0.344782 0.015780
vt 0.364595 0.001491
vt 0.125661 0.953965
vt 0.084591 0.942078
vt 0.125661 0.883447
vt 0.355765 0.841841
vt 0.423120 0.862723
vt 0.424771 0.893915
vt 0.355765 0.923877
vt 0.725181 0.982994
vt 0.719321 0.986304
vt 0.067371 0.552202
vt 0.060233 0.547327
vt 0.062791 0.547190
vt 0.719837 0.978981
vt 0.721138 0.987902
vt 0.055960 0.550885
vt 0.057489 0.546102
vt 0.063791 0.536308
vt 0.069025 0.551302
vt 0.061831 0.537196
vt 0.063648 0.532139
vt 0.827623 0.731383
vt 0.825134 0.734268
vt 0.820568 0.730100
vt 0.821544 0.710840
vt 0.083175 0.305438
vt 0.252445 0.074076
vt 0.253396 0.083261
vt 0.250615 0.084579
vt 0.941773 0.542815
vt 0.951652 0.544019
vt 0.177945 0.028462
vt 0.182298 0.028462
vt 0.180122 0.037167
vt 0.230084 0.238934
vt 0.225468 0.231239
vt 0.230084 0.220467
vt 0.973050 0.485376
vt 0.982283 0.501368
vt 0.973021 0.522114
vt 0.161059 0.923877
vt 0.133339 0.899765
vt 0.161059 0.848647
vt 0.604404 0.880486
vt 0.679634 0.880486
vt 0.637076 0.955735
vt 0.921755 0.542768
vt 0.930429 0.533124
vt 0.941822 0.538303
vt 0.941749 0.540940
vt 0.923433 0.366206
vt 0.934496 0.367025
vt 0.914175 0.369905
vt 0.914486 0.365565
vt 0.923494 0.364031
vt 0.934429 0.362160
vt 0.911265 0.776406
vt 0.923911 0.527928
vt 0.950965 0.477717
vt 0.008525 0.192325
vt 0.010619 0.176927
vt 0.010619 0.192917
vt 0.933245 0.727926
vt 0.934236 0.359993
vt 0.923401 0.360956
vt 0.923588 0.732940
vt 0.915806 0.670729
vt 0.948178 0.723622
vt 0.648307 0.376984
vt 0.053096 0.306040
vt 0.033283 0.334507
vt 0.033283 0.291751
vt 0.409804 0.557512
vt 0.409804 0.533084
vt 0.415103 0.549951
vt 0.104423 0.308064
vt 0.101916 0.316740
vt 0.099833 0.311960
vt 0.102475 0.305769
vt 0.059594 0.536165
vt 0.060404 0.530712
vt 0.830790 0.736862
vt 0.824907 0.736629
vt 0.055792 0.535704
vt 0.831843 0.741258
vt 0.831580 0.745119
vt 0.824280 0.738629
vt 0.951505 0.541823
vt 0.952195 0.539796
vt 0.961044 0.553527
vt 0.959431 0.554987
vt 0.951977 0.549992
vt 0.208007 0.266157
vt 0.211752 0.275140
vt 0.209581 0.274991
vt 0.194342 0.282668
vt 0.196457 0.273947
vt 0.196457 0.283181
vt 0.914546 0.363410
vt 0.137644 0.196333
vt 0.139820 0.196333
vt 0.137644 0.205306
vt 0.217655 0.044247
vt 0.218769 0.036605
vt 0.221235 0.036647
vt 0.936162 0.316364
vt 0.945229 0.312828
vt 0.937775 0.317823
vt 0.914175 0.361255
vt 0.048135 0.552202
vt 0.095010 0.303935
vt 0.099469 0.305601
vt 0.095056 0.313819
vt 0.095010 0.318578
vt 0.431850 0.554179
vt 0.421815 0.548127
vt 0.420682 0.533572
vt 0.862841 0.666634
vt 0.884333 0.675986
vt 0.862841 0.741579
vt 0.959275 0.627959
vt 0.935708 0.699102
vt 0.912650 0.627959
vt 0.096968 0.312885
vt 0.099788 0.316720
vt 0.096923 0.317644
vt 0.417225 0.550437
vt 0.416092 0.535882
vt 0.419041 0.535002
vt 0.420174 0.549556
vt 0.819598 0.733065
vt 0.819300 0.736031
vt 0.806167 0.745119
vt 0.483177 0.561052
vt 0.470482 0.549737
vt 0.473595 0.547688
vt 0.810825 0.729210
vt 0.204769 0.275718
vt 0.205385 0.266766
vt 0.208964 0.283943
vt 0.204730 0.284951
vt 0.135843 0.204088
vt 0.132960 0.212738
vt 0.128154 0.212738
vt 0.025548 0.371538
vt 0.028318 0.380524
vt 0.015649 0.368050
vt 0.019171 0.365052
vt 0.022664 0.362372
vt 0.016622 0.266637
vt 0.016622 0.257404
vt 0.021239 0.265098
vt 0.021239 0.274331
vt 0.021239 0.229960
vt 0.021239 0.238934
vt 0.017016 0.237878
vt 0.551641 0.481671
vt 0.587600 0.489592
vt 0.527039 0.534504
vt 0.777807 0.049610
vt 0.807065 0.000036
vt 0.787897 0.050135
vt 0.784469 0.054147
vt 0.779220 0.054694
vt 0.549760 0.476670
vt 0.559990 0.476628
vt 0.573948 0.477097
vt 0.895376 0.599989
vt 0.888065 0.561287
vt 0.902030 0.555134
vt 0.918567 0.567167
vt 0.514369 0.892019
vt 0.514267 0.851364
vt 0.549221 0.871896
vt 0.665475 0.203536
vt 0.630390 0.183820
vt 0.665475 0.139163
vt 0.047787 0.845973
vt 0.043266 0.910149
vt 0.017597 0.906572
vt 0.941472 0.615918
vt 0.941472 0.548175
vt 0.922394 0.298285
vt 0.955735 0.378754
vt 0.955735 0.311011
vt 0.527039 0.413070
vt 0.573045 0.463001
vt 0.549322 0.473617
vt 0.892019 0.618799
vt 0.892019 0.683173
vt 0.856934 0.638516
vt 0.857100 0.597978
vt 0.911735 0.849542
vt 0.888592 0.816789
vt 0.905365 0.805543
vt 0.919030 0.810921
vt 0.228271 0.945617
vt 0.187201 0.957505
vt 0.187201 0.886987
vt 0.235356 0.931446
vt 0.235889 0.942742
vt 0.233195 0.950425
vt 0.471819 0.541701
vt 0.483177 0.533880
vt 0.465349 0.543388
vt 0.369060 0.330356
vt 0.376255 0.334624
vt 0.373169 0.344543
vt 0.077507 0.927907
vt 0.132741 0.322182
vt 0.126513 0.327428
vt 0.132452 0.317325
vt 0.818545 0.738044
vt 0.211135 0.284092
vt 0.215925 0.284951
vt 0.138051 0.215475
vt 0.138020 0.223005
vt 0.134697 0.219533
vt 0.137231 0.213215
vt 0.132426 0.217513
vt 0.129952 0.220295
vt 0.128154 0.217036
vt 0.021388 0.917903
vt 0.021596 0.914143
vt 0.038467 0.915075
vt 0.038922 0.918064
vt 0.020270 0.922107
vt 0.012385 0.364491
vt 0.572035 0.473176
vt 0.560442 0.473576
vt 0.570697 0.469643
vt 0.011733 0.360733
vt 0.015609 0.361574
vt 0.016448 0.358655
vt 0.022843 0.360049
vt 0.217655 0.028827
vt 0.220205 0.028817
vt 0.020336 0.356196
vt 0.028318 0.351795
vt 0.460368 0.558446
vt 0.468070 0.549264
vt 0.463163 0.543886
vt 0.558727 0.472230
vt 0.568882 0.468433
vt 0.573402 0.465584
vt 0.047787 0.916714
vt 0.439133 0.307959
vt 0.441176 0.298773
vt 0.444079 0.299201
vt 0.047059 0.918114
vt 0.042970 0.921528
vt 0.669014 0.902894
vt 0.669014 0.961044
vt 0.659966 0.956321
vt 0.648229 0.951496
vt 0.818636 0.106193
vt 0.811007 0.054500
vt 0.823666 0.054029
vt 0.667245 0.000676
vt 0.663610 0.053005
vt 0.651891 0.053096
vt 0.637327 0.000676
vt 0.854098 0.289593
vt 0.867532 0.262884
vt 0.886930 0.286451
vt 0.879336 0.307959
vt 0.469018 0.775207
vt 0.445114 0.755102
vt 0.469018 0.688759
vt 0.126513 0.303989
vt 0.898845 0.214049
vt 0.920337 0.204696
vt 0.920337 0.279641
vt 0.922988 0.265482
vt 0.922988 0.196458
vt 0.936266 0.255328
vt 0.385834 0.330327
vt 0.383536 0.344835
vt 0.381708 0.336157
vt 0.461194 0.543918
vt 0.130293 0.222417
vt 0.022868 0.912378
vt 0.037456 0.912170
vt 0.013260 0.355030
vt 0.893789 0.689771
vt 0.534504 0.896416
vt 0.523403 0.955735
vt 0.523403 0.890666
vt 0.886756 0.558980
vt 0.898216 0.549964
vt 0.907948 0.362825
vt 0.904983 0.362002
vt 0.907948 0.288038
vt 0.063716 0.610046
vt 0.063716 0.621516
vt 0.060111 0.618967
vt 0.060598 0.609878
vt 0.238934 0.943193
vt 0.236239 0.950877
vt 0.341181 0.022405
vt 0.384819 0.360195
vt 0.384878 0.358019
vt 0.393848 0.358266
vt 0.393788 0.360441
vt 0.392602 0.365161
vt 0.336061 0.030088
vt 0.056993 0.618800
vt 0.058544 0.610687
vt 0.060095 0.602574
vt 0.238359 0.950388
vt 0.501546 0.993381
vt 0.534504 0.994672
vt 0.969670 0.859170
vt 0.970958 0.825976
vt 0.978617 0.860533
vt 0.970000 0.864066
vt 0.496688 0.993775
vt 0.496623 0.993877
vt 0.969670 0.866236
vt 0.978617 0.867601
vt 0.564522 0.630980
vt 0.567401 0.639477
vt 0.562562 0.640003
vt 0.196582 0.999982
vt 0.188717 0.999349
vt 0.196806 0.995393
vt 0.219465 0.994128
vt 0.189454 0.964693
vt 0.783897 0.057139
vt 0.778648 0.057686
vt 0.377497 0.343661
vt 0.379566 0.335339
vt 0.380357 0.344345
vt 0.379825 0.346474
vt 0.377498 0.348314
vt 0.053238 0.618082
vt 0.054051 0.619843
vt 0.591140 0.173448
vt 0.587471 0.170133
vt 0.589249 0.163741
vt 0.755738 0.693793
vt 0.746076 0.692628
vt 0.755738 0.628724
vt 0.650915 0.140239
vt 0.109732 0.067589
vt 0.109732 0.081016
vt 0.108759 0.075174
vt 0.106686 0.070987
vt 0.106399 0.062375
vt 0.381601 0.347523
vt 0.443630 0.292622
vt 0.451319 0.300720
vt 0.440942 0.293026
vt 0.439133 0.284280
vt 0.439482 0.279395
vt 0.104547 0.075590
vt 0.105689 0.081707
vt 0.021239 0.280742
vt 0.021238 0.287271
vt 0.019616 0.288722
vt 0.583950 0.168389
vt 0.577364 0.169181
vt 0.582577 0.163149
vt 0.587266 0.164720
vt 0.585488 0.171112
vt 0.057261 0.622997
vt 0.056426 0.619989
vt 0.906178 0.296095
vt 0.950836 0.859209
vt 0.975204 0.872380
vt 0.950836 0.920337
vt 0.952179 0.456629
vt 0.934296 0.398174
vt 0.944445 0.392314
vt 0.952195 0.391087
vt 0.372942 0.351185
vt 0.134458 0.314256
vt 0.136698 0.309578
vt 0.139151 0.313627
vt 0.137318 0.321334
vt 0.134454 0.325658
vt 0.346226 0.952736
vt 0.336078 0.946874
vt 0.353976 0.888424
vt 0.353976 0.953965
vt 0.792339 0.052984
vt 0.800330 0.051928
vt 0.799559 0.054875
vt 0.791716 0.055927
vt 0.799532 0.057897
vt 0.790036 0.059159
vt 0.807065 0.106193
vt 0.379917 0.351832
vt 0.139134 0.308441
vt 0.141086 0.314485
vt 0.140309 0.321464
vt 0.836658 0.639246
vt 0.860161 0.659297
vt 0.841214 0.671571
vt 0.814052 0.658344
vt 0.454859 0.985823
vt 0.425411 0.980537
vt 0.449008 0.931515
vt 0.091432 0.123892
vt 0.091432 0.069270
vt 0.102653 0.072652
vt 0.523473 0.413954
vt 0.529921 0.465926
vt 0.518233 0.466468
vt 0.585020 0.156757
vt 0.581944 0.152298
vt 0.499106 0.070715
vt 0.494859 0.073799
vt 0.494628 0.069013
vt 0.587813 0.152676
vt 0.588137 0.156492
vt 0.384881 0.352206
vt 0.701828 0.001582
vt 0.711491 0.000418
vt 0.711491 0.065486
vt 0.691513 0.007144
vt 0.143360 0.325658
vt 0.010138 0.957505
vt 0.010138 0.892436
vt 0.021239 0.951755
vt 0.908901 0.799621
vt 0.920337 0.808619
vt 0.900614 0.800322
vt 0.908492 0.771400
vt 0.959275 0.718571
vt 0.936691 0.700984
vt 0.959275 0.656902
vt 0.591140 0.151984
vt 0.735760 0.687066
vt 0.805696 0.040737
vt 0.828303 0.001695
vt 0.816245 0.043610
vt 0.811747 0.047740
vt 0.104774 0.088494
vt 0.810625 0.049588
vt 0.803402 0.047743
vt 0.820125 0.048458
vt 0.818964 0.050335
vt 0.806418 0.051896
vt 0.021239 0.293800
vt 0.140150 0.325128
vt 0.863424 0.764863
vt 0.864829 0.763201
vt 0.868153 0.766009
vt 0.866520 0.768618
vt 0.861221 0.769202
vt 0.526474 0.469981
vt 0.517531 0.469459
vt 0.532986 0.469696
vt 0.525771 0.472972
vt 0.532289 0.473065
vt 0.524609 0.474808
vt 0.516828 0.472451
vt 0.825253 0.050268
vt 0.828303 0.050079
vt 0.307959 0.030088
vt 0.304062 0.022006
vt 0.307959 0.018369
vt 0.249760 0.772152
vt 0.282145 0.787975
vt 0.242608 0.774251
vt 0.248981 0.769677
vt 0.188717 0.960485
vt 0.490335 0.071140
vt 0.484002 0.075010
vt 0.481168 0.069355
vt 0.489918 0.068138
vt 0.906035 0.251262
vt 0.305149 0.887228
vt 0.348666 0.898141
vt 0.306464 0.946653
vt 0.221478 0.949553
vt 0.260172 0.994672
vt 0.220639 0.994672
vt 0.590956 0.924335
vt 0.607069 0.966489
vt 0.590956 0.973434
vt 0.473192 0.122122
vt 0.870781 0.774837
vt 0.608612 0.352094
vt 0.615478 0.348970
vt 0.608940 0.355852
vt 0.605508 0.357414
vt 0.971664 0.548663
vt 0.965569 0.547799
vt 0.955552 0.541718
vt 0.971664 0.499565
vt 0.861221 0.822994
vt 0.744530 0.996442
vt 0.744530 0.951315
vt 0.784057 0.952050
vt 0.856474 0.686444
vt 0.860161 0.745119
vt 0.814502 0.700848
vt 0.976973 0.117800
vt 0.952606 0.130971
vt 0.952606 0.069843
vt 0.494036 0.066954
vt 0.498132 0.070235
vt 0.483527 0.067453
vt 0.479877 0.064486
vt 0.473192 0.022872
vt 0.609263 0.909995
vt 0.631847 0.954077
vt 0.609263 0.971664
vt 0.825258 0.047231
vt 0.521734 0.520344
vt 0.971573 0.270792
vt 0.965081 0.224314
vt 0.974567 0.224315
vt 0.984053 0.224314
vt 0.242880 0.057500
vt 0.244243 0.105606
vt 0.214918 0.081331
vt 0.225420 0.020916
vt 0.616902 0.351701
vt 0.612015 0.356036
vt 0.607389 0.358511
vt 0.978948 0.865430
vt 0.982283 0.864466
vt 0.979472 0.870781
vt 0.477486 0.069816
vt 0.508692 0.470536
vt 0.504779 0.467972
vt 0.507886 0.467875
vt 0.511495 0.472292
vt 0.621228 0.352202
vt 0.621228 0.401763
vt 0.609291 0.360622
vt 0.538280 0.469149
vt 0.541583 0.464976
vt 0.118582 0.352941
vt 0.115241 0.356714
vt 0.113542 0.352966
vt 0.117732 0.351067
vt 0.540413 0.469558
vt 0.537700 0.472166
vt 0.575360 0.846079
vt 0.714723 0.001522
vt 0.743349 0.024551
vt 0.714723 0.049646
vt 0.975793 0.221235
vt 0.963311 0.174757
vt 0.972797 0.174757
vt 0.982283 0.174757
vt 0.972057 0.428311
vt 0.972057 0.388777
vt 0.978426 0.418966
vt 0.503992 0.457099
vt 0.503599 0.447154
vt 0.505161 0.454967
vt 0.506250 0.457316
vt 0.501515 0.472558
vt 0.827964 0.048418
vt 0.349081 0.031636
vt 0.351316 0.035398
vt 0.344624 0.034275
vt 0.344882 0.031929
vt 0.345062 0.029202
vt 0.348982 0.028457
vt 0.352206 0.029640
vt 0.117883 0.347506
vt 0.116104 0.349809
vt 0.113273 0.346183
vt 0.541583 0.474886
vt 0.396453 0.368135
vt 0.396453 0.355825
vt 0.732984 0.896529
vt 0.741579 0.887717
vt 0.741579 0.952195
vt 0.405151 0.605299
vt 0.443293 0.563847
vt 0.447552 0.568794
vt 0.918599 0.286379
vt 0.950425 0.240362
vt 0.950425 0.309729
vt 0.975802 0.825181
vt 0.247818 0.767323
vt 0.250026 0.769220
vt 0.225748 0.717450
vt 0.776101 0.628307
vt 0.773886 0.565991
vt 0.856622 0.576578
vt 0.854445 0.628307
vt 0.796446 0.863701
vt 0.752900 0.798574
vt 0.796446 0.766840
vt 0.849616 0.759507
vt 0.913258 0.686488
vt 0.913258 0.769898
vt 0.509648 0.457279
vt 0.511495 0.468309
vt 0.532373 0.915542
vt 0.556203 0.951107
vt 0.532774 0.948829
vt 0.283247 0.651316
vt 0.283247 0.618025
vt 0.290260 0.641926
vt 0.247783 0.035031
vt 0.246082 0.046191
vt 0.244347 0.035504
vt 0.344624 0.026067
vt 0.111520 0.306113
vt 0.114515 0.306400
vt 0.113907 0.312752
vt 0.110299 0.312004
vt 0.106796 0.306670
vt 0.347870 0.023420
vt 0.109421 0.350922
vt 0.108242 0.355369
vt 0.105810 0.353773
vt 0.109469 0.348013
vt 0.283181 0.790713
vt 0.565948 0.644122
vt 0.571660 0.641832
vt 0.628700 0.672457
vt 0.508617 0.683173
vt 0.225748 0.824764
vt 0.239124 0.512644
vt 0.301764 0.615654
vt 0.235906 0.518324
vt 0.230279 0.210617
vt 0.224184 0.208313
vt 0.228956 0.203877
vt 0.232876 0.201007
vt 0.236681 0.209400
vt 0.240704 0.265482
vt 0.610684 0.878473
vt 0.579663 0.881400
vt 0.579663 0.829626
vt 0.631847 0.846903
vt 0.793864 0.915028
vt 0.815811 0.883461
vt 0.822062 0.912798
vt 0.277605 0.857319
vt 0.277540 0.824028
vt 0.309199 0.833356
vt 0.331212 0.883726
vt 0.277540 0.888479
vt 0.242671 0.046201
vt 0.241990 0.035933
vt 0.244034 0.049637
vt 0.241863 0.048123
vt 0.240176 0.046697
vt 0.061946 0.655870
vt 0.059845 0.657971
vt 0.059845 0.655870
vt 0.059845 0.652899
vt 0.061946 0.652899
vt 0.669477 0.752450
vt 0.672554 0.752450
vt 0.672554 0.787405
vt 0.667309 0.752641
vt 0.061946 0.657971
vt 0.059845 0.660942
vt 0.061946 0.660942
vt 0.061946 0.667244
vt 0.319169 0.004965
vt 0.326051 0.004965
vt 0.320546 0.008474
vt 0.054773 0.657971
vt 0.056874 0.657971
vt 0.056874 0.655870
vt 0.056258 0.653514
vt 0.319169 0.014159
vt 0.320546 0.010650
vt 0.326051 0.014159
vt 0.061946 0.646596
vt 0.670386 0.787596
vt 0.386615 0.954961
vt 0.385296 0.953231
vt 0.418371 0.928036
vt 0.419689 0.929767
vt 0.388656 0.957265
vt 0.021701 0.449991
vt 0.024778 0.449991
vt 0.021701 0.484947
vt 0.664279 0.753179
vt 0.117509 0.306686
vt 0.116901 0.313039
vt 0.114974 0.317387
vt 0.111771 0.317002
vt 0.105071 0.359285
vt 0.205306 0.478914
vt 0.198964 0.480471
vt 0.195223 0.477739
vt 0.202042 0.477258
vt 0.162829 0.224775
vt 0.158192 0.219217
vt 0.162829 0.216989
vt 0.105071 0.342557
vt 0.107040 0.317491
vt 0.111118 0.319939
vt 0.660480 0.594630
vt 0.663725 0.595515
vt 0.665211 0.606701
vt 0.954289 0.487426
vt 0.966354 0.490701
vt 0.954289 0.538043
vt 0.640964 0.051163
vt 0.772268 0.657505
vt 0.956481 0.779447
vt 0.980513 0.814203
vt 0.971435 0.823069
vt 0.956481 0.828304
vt 0.425411 0.931681
vt 0.437911 0.931487
vt 0.000066 0.607069
vt 0.000066 0.573778
vt 0.007080 0.583168
vt 0.490026 0.115042
vt 0.490026 0.090135
vt 0.497336 0.092987
vt 0.690726 0.208305
vt 0.670012 0.197778
vt 0.690726 0.190760
vt 0.695563 0.191300
vt 0.695563 0.208846
vt 0.053889 0.348136
vt 0.058406 0.349947
vt 0.053889 0.371675
vt 0.387604 0.266477
vt 0.369408 0.281411
vt 0.369408 0.238599
vt 0.327428 0.008474
vt 0.327428 0.010650
vt 0.423001 0.933333
vt 0.408128 0.983824
vt 0.392744 0.983513
vt 0.414152 0.528117
vt 0.387992 0.532734
vt 0.387992 0.505035
vt 0.527019 0.184645
vt 0.529194 0.219465
vt 0.522665 0.219465
vt 0.021239 0.566361
vt 0.014722 0.531881
vt 0.021239 0.531474
vt 0.049557 0.536200
vt 0.023397 0.559282
vt 0.023397 0.531583
vt 0.383618 0.950651
vt 0.359398 0.939738
vt 0.363184 0.924824
vt 0.415812 0.923896
vt 0.152684 0.575517
vt 0.155749 0.575787
vt 0.152684 0.610608
vt 0.120352 0.307671
vt 0.120352 0.316943
vt 0.726444 0.826581
vt 0.665999 0.803089
vt 0.665112 0.795293
vt 0.700872 0.640696
vt 0.664202 0.582422
vt 0.695023 0.520279
vt 0.700872 0.523180
vt 0.665112 0.726340
vt 0.733620 0.824270
vt 0.745119 0.835383
vt 0.726433 0.831448
vt 0.631557 0.671311
vt 0.648167 0.679665
vt 0.631453 0.679474
vt 0.296692 0.621228
vt 0.468788 0.028937
vt 0.472558 0.028937
vt 0.472558 0.056636
vt 0.035398 0.412166
vt 0.035398 0.440120
vt 0.031663 0.439611
vt 0.512859 0.148670
vt 0.512859 0.120972
vt 0.515035 0.148670
vt 0.932949 0.037691
vt 0.926604 0.036490
vt 0.929359 0.034799
vt 0.934800 0.035130
vt 0.936949 0.038851
vt 0.375214 0.111502
vt 0.372097 0.107861
vt 0.373567 0.102471
vt 0.334507 0.030088
vt 0.325416 0.025448
vt 0.334507 0.000488
vt 0.304419 0.941575
vt 0.296524 0.970103
vt 0.289779 0.968734
vt 0.930373 0.069025
vt 0.507330 0.453654
vt 0.505692 0.447678
vt 0.507107 0.446266
vt 0.510207 0.450020
vt 0.978913 0.389371
vt 0.987593 0.414477
vt 0.284931 0.398185
vt 0.275380 0.401025
vt 0.279727 0.398165
vt 0.283209 0.394934
vt 0.247783 0.053096
vt 0.930294 0.032446
vt 0.931848 0.028939
vt 0.935880 0.033066
vt 0.114399 0.320348
vt 0.718155 0.053096
vt 0.730391 0.050534
vt 0.665833 0.594761
vt 0.671225 0.606434
vt 0.668399 0.605728
vt 0.196251 0.475529
vt 0.189552 0.465420
vt 0.241062 0.108013
vt 0.230285 0.109516
vt 0.228606 0.106937
vt 0.158560 0.214377
vt 0.158671 0.202209
vt 0.230822 0.113247
vt 0.216661 0.120352
vt 0.224302 0.112916
vt 0.241161 0.109220
vt 0.189552 0.490257
vt 0.534139 0.953500
vt 0.926605 0.005710
vt 0.926604 0.000783
vt 0.943789 0.006494
vt 0.943336 0.011517
vt 0.516805 0.460169
vt 0.509495 0.438113
vt 0.516805 0.435261
vt 0.516805 0.307959
vt 0.513070 0.280514
vt 0.516805 0.280005
vt 0.025771 0.438810
vt 0.033241 0.411872
vt 0.029506 0.439318
vt 0.027431 0.454566
vt 0.359531 0.923896
vt 0.261224 0.451729
vt 0.192697 0.461003
vt 0.192477 0.458879
vt 0.192643 0.454110
vt 0.261390 0.446960
vt 0.654856 0.455760
vt 0.648560 0.456454
vt 0.653951 0.401265
vt 0.325782 0.441751
vt 0.327877 0.444797
vt 0.261444 0.453852
vt 0.328317 0.449043
vt 0.326732 0.451610
vt 0.262590 0.458484
vt 0.193841 0.465633
vt 0.671159 0.611371
vt 0.668068 0.612522
vt 0.278871 0.395285
vt 0.274524 0.398144
vt 0.277081 0.394141
vt 0.281847 0.393304
vt 0.369359 0.107520
vt 0.368694 0.110873
vt 0.367185 0.109475
vt 0.368087 0.106016
vt 0.370863 0.102419
vt 0.269014 0.401349
vt 0.268158 0.398469
vt 0.272733 0.397001
vt 0.368751 0.101359
vt 0.032006 0.140372
vt 0.033628 0.141823
vt 0.032006 0.146900
vt 0.661935 0.959438
vt 0.655225 0.962931
vt 0.655122 0.960054
vt 0.375214 0.097838
vt 0.029588 0.454859
vt 0.515172 0.846583
vt 0.576266 0.841298
vt 0.729190 0.414265
vt 0.729058 0.419130
vt 0.705056 0.420426
vt 0.702894 0.414265
vt 0.346366 0.202820
vt 0.357516 0.226634
vt 0.346366 0.231854
vt 0.216312 0.107590
vt 0.768128 0.496729
vt 0.765465 0.523031
vt 0.759385 0.520914
vt 0.684943 0.426950
vt 0.684943 0.451859
vt 0.680263 0.428282
vt 0.930957 0.354432
vt 0.926271 0.355746
vt 0.926271 0.294424
vt 0.000624 0.011378
vt 0.005310 0.071390
vt 0.000624 0.072703
vt 0.451513 0.559641
vt 0.465478 0.529501
vt 0.812603 0.264271
vt 0.794444 0.292030
vt 0.785385 0.258886
vt 0.799830 0.256916
vt 0.812055 0.259442
vt 0.452795 0.564336
vt 0.453768 0.570791
vt 0.814144 0.253267
vt 0.809331 0.253932
vt 0.808182 0.249210
vt 0.100883 0.153033
vt 0.091743 0.154335
vt 0.057534 0.110599
vt 0.248271 0.144123
vt 0.265073 0.085834
vt 0.276130 0.081952
vt 0.732155 0.738438
vt 0.513265 0.297073
vt 0.495299 0.362825
vt 0.495299 0.279415
vt 0.937051 0.625364
vt 0.911887 0.626537
vt 0.933209 0.619655
vt 0.251990 0.097043
vt 0.257852 0.093436
vt 0.258402 0.098272
vt 0.256469 0.104507
vt 0.251990 0.109733
vt 0.305149 0.959275
vt 0.343539 0.907738
vt 0.405151 0.507356
vt 0.240704 0.168788
vt 0.123892 0.504825
vt 0.123892 0.538043
vt 0.098130 0.527636
vt 0.463708 0.436378
vt 0.463708 0.470788
vt 0.454762 0.442572
vt 0.784554 0.526519
vt 0.775796 0.520063
vt 0.834768 0.545689
vt 0.841387 0.556516
vt 0.297579 0.978743
vt 0.301882 0.973833
vt 0.304419 0.977985
vt 0.543147 0.681776
vt 0.543353 0.688655
vt 0.522016 0.695491
vt 0.268051 0.396196
vt 0.266379 0.375666
vt 0.284951 0.389707
vt 0.940975 0.032171
vt 0.952195 0.029186
vt 0.364624 0.098589
vt 0.332177 0.865157
vt 0.353976 0.838982
vt 0.352748 0.855510
vt 0.901747 0.610952
vt 0.912677 0.591033
vt 0.522861 0.714066
vt 0.543353 0.723881
vt 0.598064 0.826954
vt 0.605775 0.805582
vt 0.622119 0.802836
vt 0.634065 0.230998
vt 0.623893 0.231854
vt 0.629625 0.205915
vt 0.636131 0.206464
vt 0.644236 0.231854
vt 0.215452 0.231854
vt 0.215452 0.221807
vt 0.216966 0.226830
vt 0.181503 0.514608
vt 0.185787 0.511427
vt 0.183339 0.517081
vt 0.178711 0.518599
vt 0.266379 0.405302
vt 0.684943 0.505660
vt 0.675196 0.502630
vt 0.681698 0.502035
vt 0.650079 0.958968
vt 0.649805 0.962113
vt 0.645186 0.956771
vt 0.642070 0.951208
vt 0.918601 0.821603
vt 0.928716 0.820248
vt 0.921869 0.846002
vt 0.450100 0.215925
vt 0.450100 0.191304
vt 0.456629 0.191304
vt 0.675196 0.529194
vt 0.846002 0.915028
vt 0.845572 0.862462
vt 0.994266 0.624767
vt 0.942491 0.619901
vt 0.994266 0.615035
vt 0.996442 0.615035
vt 0.996442 0.624767
vt 0.277617 0.803964
vt 0.279792 0.803883
vt 0.123892 0.169908
vt 0.097630 0.119181
vt 0.123892 0.053770
vt 0.159171 0.506185
vt 0.319468 0.506185
vt 0.186249 0.282621
vt 0.343610 0.326850
vt 0.142474 0.312013
vt 0.207929 0.063716
vt 0.201274 0.020235
vt 0.210809 0.044980
vt 0.340932 0.488277
vt 0.343490 0.467638
vt 0.346327 0.486478
vt 0.345661 0.492345
vt 0.343317 0.495311
vt 0.112801 0.169584
vt 0.731247 0.242473
vt 0.757508 0.191744
vt 0.742340 0.242147
vt 0.353976 0.489091
vt 0.350113 0.495566
vt 0.348184 0.492320
vt 0.348875 0.486502
vt 0.353976 0.468187
vt 0.299110 0.938036
vt 0.294134 0.918734
vt 0.299110 0.891413
vt 0.181379 0.348602
vt 0.142394 0.313104
vt 0.343527 0.327941
vt 0.608109 0.543353
vt 0.608109 0.409033
vt 0.731247 0.126337
vt 0.785857 0.255151
vt 0.800302 0.253182
vt 0.221641 0.193768
vt 0.222817 0.203652
vt 0.879933 0.474663
vt 0.889905 0.474731
vt 0.881334 0.478163
vt 0.144150 0.952903
vt 0.147818 0.952049
vt 0.147345 0.966629
vt 0.143677 0.967483
vt 0.109155 0.537205
vt 0.219166 0.584363
vt 0.212904 0.574457
vt 0.746889 0.840208
vt 0.746889 0.900869
vt 0.739564 0.845829
vt 0.218927 0.200744
vt 0.660480 0.621228
vt 0.196048 0.217278
vt 0.203536 0.212124
vt 0.197912 0.221428
vt 0.191359 0.220375
vt 0.541583 0.499106
vt 0.536294 0.498442
vt 0.538183 0.490522
vt 0.541583 0.486416
vt 0.916569 0.938661
vt 0.925647 0.947528
vt 0.901615 0.982283
vt 0.901615 0.933427
vt 0.854098 0.222852
vt 0.871221 0.223012
vt 0.954961 0.182298
vt 0.954961 0.133508
vt 0.973940 0.157301
vt 0.784196 0.288419
vt 0.968121 0.143017
vt 0.490564 0.958893
vt 0.483104 0.971816
vt 0.480311 0.971148
vt 0.047787 0.214710
vt 0.044056 0.231854
vt 0.044056 0.214174
vt 0.973381 0.140793
vt 0.976331 0.156367
vt 0.149701 0.982283
vt 0.153202 0.981496
vt 0.051135 0.174002
vt 0.054866 0.173467
vt 0.054866 0.191147
vt 0.631389 0.728510
vt 0.641938 0.741228
vt 0.637984 0.740717
vt 0.778410 0.691215
vt 0.776972 0.673788
vt 0.784341 0.705879
vt 0.638028 0.748906
vt 0.631549 0.750602
vt 0.180054 0.522293
vt 0.180548 0.521072
vt 0.188667 0.516799
vt 0.192670 0.542072
vt 0.670985 0.183314
vt 0.693327 0.176231
vt 0.969107 0.681404
vt 0.968832 0.660306
vt 0.983378 0.662810
vt 0.653041 0.967337
vt 0.642070 0.989363
vt 0.644879 0.962942
vt 0.658287 0.965868
vt 0.331793 0.804385
vt 0.280796 0.794203
vt 0.039794 0.624767
vt 0.000399 0.612979
vt 0.060155 0.599190
vt 0.944132 0.844149
vt 0.966354 0.826641
vt 0.966354 0.863701
vt 0.608838 0.907200
vt 0.586669 0.926129
vt 0.580861 0.913475
vt 0.578779 0.881989
vt 0.224138 0.109843
vt 0.215081 0.113406
vt 0.214918 0.110333
vt 0.980397 0.155895
vt 0.977960 0.139401
vt 0.983310 0.155820
vt 0.786114 0.249834
vt 0.787434 0.247059
vt 0.152611 0.965826
vt 0.155237 0.964226
vt 0.157864 0.980113
vt 0.808151 0.242691
vt 0.813011 0.242669
vt 0.084666 0.158361
vt 0.058417 0.123984
vt 0.226968 0.520742
vt 0.208408 0.561817
vt 0.890192 0.479589
vt 0.923877 0.449637
vt 0.897222 0.483698
vt 0.892742 0.485599
vt 0.872571 0.489426
vt 0.920795 0.591662
vt 0.938036 0.619037
vt 0.932667 0.431599
vt 0.940393 0.435614
vt 0.933073 0.434866
vt 0.918954 0.589196
vt 0.924283 0.589058
vt 0.935038 0.592553
vt 0.942933 0.821455
vt 0.939865 0.818369
vt 0.945116 0.819285
vt 0.598530 0.801865
vt 0.601239 0.800406
vt 0.406144 0.713359
vt 0.412382 0.708125
vt 0.412328 0.743349
vt 0.660165 0.591140
vt 0.655752 0.560838
vt 0.660165 0.558789
vt 0.606487 0.799467
vt 0.620158 0.797880
vt 0.030218 0.356780
vt 0.035398 0.355520
vt 0.035398 0.389373
vt 0.001283 0.695071
vt 0.027251 0.709747
vt 0.013930 0.735204
vt 0.814888 0.837462
vt 0.679634 0.613050
vt 0.203536 0.231854
vt 0.197224 0.227823
vt 0.196853 0.224393
vt 0.673521 0.617197
vt 0.069165 0.366365
vt 0.069165 0.353675
vt 0.072565 0.357781
vt 0.759288 0.532521
vt 0.751897 0.532861
vt 0.756690 0.527245
vt 0.762604 0.528785
vt 0.768128 0.538043
vt 0.898626 0.521683
vt 0.906520 0.550666
vt 0.187623 0.513900
vt 0.219993 0.226973
vt 0.217315 0.219418
vt 0.220832 0.220601
vt 0.223005 0.226649
vt 0.644839 0.959806
vt 0.922954 0.816297
vt 0.922888 0.813228
vt 0.929250 0.814690
vt 0.930898 0.818079
vt 0.923466 0.819332
vt 0.215975 0.210688
vt 0.219004 0.210748
vt 0.939436 0.815322
vt 0.994266 0.567256
vt 0.950715 0.591443
vt 0.108176 0.825385
vt 0.125662 0.870019
vt 0.087504 0.843776
vt 0.075367 0.811444
vt 0.108866 0.823273
vt 0.996442 0.567256
vt 0.019295 0.576181
vt 0.043548 0.559455
vt 0.071916 0.557068
vt 0.082189 0.599492
vt 0.082202 0.615941
vt 0.036079 0.753606
vt 0.001283 0.785826
vt 0.040707 0.717432
vt 0.215392 0.824764
vt 0.183996 0.808437
vt 0.207639 0.802022
vt 0.111164 0.892901
vt 0.074369 0.868158
vt 0.483301 0.978610
vt 0.491345 0.983398
vt 0.492026 0.986881
vt 0.481426 0.981013
vt 0.105850 0.169908
vt 0.105850 0.151831
vt 0.107963 0.169384
vt 0.478063 0.971778
vt 0.476629 0.982587
vt 0.472788 0.971051
vt 0.001153 0.121100
vt 0.005310 0.123629
vt 0.001153 0.139820
vt 0.977184 0.125954
vt 0.175218 0.049557
vt 0.170518 0.032103
vt 0.175218 0.030838
vt 0.008849 0.161807
vt 0.008849 0.180528
vt 0.004692 0.164336
vt 0.643388 0.741833
vt 0.648640 0.741111
vt 0.644602 0.752502
vt 0.639900 0.750912
vt 0.212043 0.072186
vt 0.214155 0.072710
vt 0.212043 0.090264
vt 0.335659 0.504641
vt 0.052887 0.200961
vt 0.059743 0.199025
vt 0.038743 0.289545
vt 0.031418 0.289824
vt 0.597334 0.503878
vt 0.591276 0.601759
vt 0.444781 0.582731
vt 0.477329 0.402648
vt 0.556179 0.250095
vt 0.575211 0.396591
vt 0.559015 0.439276
vt 0.594570 0.350856
vt 0.601875 0.356615
vt 0.563578 0.445419
vt 0.902621 0.304222
vt 0.901893 0.311717
vt 0.857295 0.315473
vt 0.346011 0.442911
vt 0.069752 0.343960
vt 0.631389 0.755700
vt 0.148670 0.074496
vt 0.145278 0.086724
vt 0.144476 0.073333
vt 0.148670 0.066353
vt 0.981936 0.142428
vt 0.989363 0.131249
vt 0.461588 0.958893
vt 0.456961 0.994672
vt 0.578750 0.794740
vt 0.512170 0.794758
vt 0.775862 0.240281
vt 0.814144 0.185923
vt 0.161059 0.977163
vt 0.161059 0.944763
vt 0.051818 0.901543
vt 0.079645 0.918189
vt 0.051818 0.968124
vt 0.852584 0.906178
vt 0.852584 0.839599
vt 0.904408 0.842586
vt 0.899141 0.903681
vt 0.660343 0.728882
vt 0.663705 0.764588
vt 0.049543 0.196457
vt 0.049543 0.177608
vt 0.053096 0.193943
vt 0.880793 0.140261
vt 0.847688 0.169908
vt 0.857477 0.113587
vt 0.881400 0.104573
vt 0.941692 0.040782
vt 0.968406 0.017111
vt 0.972775 0.043851
vt 0.941974 0.045639
vt 0.839424 0.920145
vt 0.844232 0.919399
vt 0.844232 0.963838
vt 0.839424 0.964584
vt 0.870069 0.528884
vt 0.903593 0.499793
vt 0.906178 0.503909
vt 0.872654 0.533000
vt 0.846559 0.549390
vt 0.996442 0.631631
vt 0.996067 0.662864
vt 0.969972 0.655575
vt 0.961016 0.631631
vt 0.846559 0.502441
vt 0.222368 0.209168
vt 0.923272 0.584299
vt 0.926210 0.586659
vt 0.916966 0.582607
vt 0.938036 0.554462
vt 0.205306 0.510033
vt 0.205306 0.543353
vt 0.941563 0.813809
vt 0.918601 0.788190
vt 0.355746 0.431069
vt 0.355746 0.465478
vt 0.343532 0.462037
vt 0.500876 0.666370
vt 0.494814 0.699102
vt 0.494814 0.663945
vt 0.598161 0.794649
vt 0.604686 0.794450
vt 0.191152 0.222882
vt 0.189720 0.225933
vt 0.186682 0.222395
vt 0.189369 0.221200
vt 0.758755 0.524867
vt 0.756357 0.525712
vt 0.755562 0.523509
vt 0.763877 0.525865
vt 0.533833 0.490680
vt 0.534119 0.498522
vt 0.531246 0.497419
vt 0.530764 0.490908
vt 0.706967 0.431835
vt 0.709183 0.429700
vt 0.715510 0.440700
vt 0.482584 0.988374
vt 0.537720 0.477840
vt 0.638331 0.758415
vt 0.237718 0.033627
vt 0.240704 0.021683
vt 0.240704 0.034373
vt 0.239120 0.040707
vt 0.749102 0.527053
vt 0.493399 0.822164
vt 0.847688 0.081844
vt 0.868434 0.092754
vt 0.557512 0.955259
vt 0.532373 0.976973
vt 0.903412 0.772638
vt 0.888592 0.786950
vt 0.879984 0.820819
vt 0.952539 0.653591
vt 0.974120 0.031233
vt 0.408053 0.987593
vt 0.360581 0.097373
vt 0.354056 0.035435
vt 0.343177 0.444032
vt 0.649546 0.683173
vt 0.855385 0.333619
vt 0.902638 0.385834
vt 0.704896 0.424776
vt 0.680768 0.453089
vt 0.674937 0.450154
vt 0.662714 0.446744
vt 0.960498 0.357516
vt 0.960498 0.309295
vt 0.975204 0.351230
vt 0.941692 0.061630
vt 0.975203 0.048596
vt 0.970338 0.077875
vt 0.636950 0.501329
vt 0.644857 0.469360
vt 0.657159 0.476254
vt 0.667186 0.569139
vt 0.057534 0.198226
vt 0.923877 0.523884
vt 0.056951 0.413479
vt 0.083184 0.344022
vt 0.078587 0.437333
vt 0.882296 0.545734
vt 0.882662 0.577899
vt 0.868747 0.575706
vt 0.847584 0.554948
vt 0.903717 0.522924
vt 0.918567 0.537265
vt 0.494629 0.848639
vt 0.005029 0.092034
vt 0.233123 0.259741
vt 0.237164 0.261358
vt 0.233123 0.283181
vt 0.022602 0.015929
vt 0.022602 0.000541
vt 0.024778 0.015929
vt 0.935503 0.440021
vt 0.948120 0.451565
vt 0.942584 0.452924
vt 0.931418 0.446569
vt 0.930014 0.441559
vt 0.405792 0.761302
vt 0.400613 0.762571
vt 0.399455 0.757846
vt 0.412382 0.749219
vt 0.932841 0.553265
vt 0.912229 0.581496
vt 0.537573 0.917909
vt 0.536984 0.882959
vt 0.565278 0.928553
vt 0.036938 0.139901
vt 0.054866 0.116248
vt 0.054866 0.169908
vt 0.371436 0.778747
vt 0.168573 0.652700
vt 0.173448 0.619697
vt 0.173448 0.654855
vt 0.580144 0.922620
vt 0.810862 0.361091
vt 0.811372 0.351298
vt 0.815401 0.356402
vt 0.822454 0.391143
vt 0.959275 0.485051
vt 0.847772 0.357883
vt 0.845894 0.351298
vt 0.793209 0.303015
vt 0.791472 0.297975
vt 0.849542 0.352206
vt 0.576981 0.854400
vt 0.576981 0.929187
vt 0.930014 0.499106
vt 0.394659 0.708933
vt 0.346501 0.766524
vt 0.338326 0.758126
vt 0.396395 0.703894
vt 0.147934 0.779589
vt 0.151433 0.775936
vt 0.170589 0.806298
vt 0.140411 0.824764
vt 0.265278 0.716546
vt 0.269022 0.682899
vt 0.269022 0.720341
vt 0.171925 0.811000
vt 0.177428 0.804558
vt 0.052785 0.846227
vt 0.520344 0.893235
vt 0.520344 0.934125
vt 0.504913 0.930533
vt 0.491138 0.907818
vt 0.848725 0.938533
vt 0.848632 0.907388
vt 0.879340 0.910739
vt 0.887555 0.925093
vt 0.874409 0.960484
vt 0.848687 0.973434
vt 0.347489 0.467321
vt 0.214187 0.044057
vt 0.213885 0.033368
vt 0.215976 0.043734
vt 0.350129 0.467306
vt 0.290687 0.918206
vt 0.288728 0.907717
vt 0.289834 0.899880
vt 0.091505 0.604890
vt 0.077898 0.554561
vt 0.111211 0.552294
vt 0.144022 0.597743
vt 0.116934 0.622417
vt 0.578779 0.952195
vt 0.206593 0.795305
vt 0.184561 0.752659
vt 0.231854 0.750107
vt 0.105042 0.897841
vt 0.061484 0.902638
vt 0.069677 0.872874
vt 0.156634 0.624767
vt 0.573532 0.792617
vt 0.593447 0.762545
vt 0.649546 0.792906
vt 0.849542 0.249070
vt 0.338326 0.654989
vt 0.127233 0.716901
vt 0.465694 0.672077
vt 0.469018 0.684323
vt 0.418368 0.764588
vt 0.418368 0.633942
vt 0.260908 0.082507
vt 0.262607 0.021752
vt 0.272410 0.073787
vt 0.253703 0.092953
vt 0.661668 0.474421
vt 0.655749 0.465035
vt 0.739325 0.435036
vt 0.746889 0.441535
vt 0.746889 0.573441
vt 0.207574 0.574480
vt 0.211181 0.588456
vt 0.615918 0.001625
vt 0.611417 0.008581
vt 0.571561 0.015966
vt 0.168732 0.621228
vt 0.142872 0.493165
vt 0.062172 0.441127
vt 0.191147 0.461955
vt 0.078729 0.530964
vt 0.069232 0.527918
vt 0.051076 0.440994
vt 0.885066 0.582122
vt 0.874622 0.585830
vt 0.083184 0.438930
vt 0.212077 0.025467
vt 0.214298 0.026181
vt 0.215876 0.033242
vt 0.273659 0.017848
vt 0.126553 0.173288
vt 0.121928 0.217458
vt 0.907748 0.268319
vt 0.915027 0.267512
vt 0.915027 0.341587
vt 0.603529 0.507955
vt 0.622997 0.000820
vt 0.617272 0.144980
vt 0.583131 0.037013
vt 0.575757 0.031858
vt 0.889430 0.920365
vt 0.698357 0.860812
vt 0.703018 0.859035
vt 0.685328 0.889507
vt 0.068347 0.529344
vt 0.899099 0.954087
vt 0.048831 0.847265
vt 0.244243 0.212386
vt 0.238913 0.212386
vt 0.240689 0.196946
vt 0.435420 0.601759
vt 0.787058 0.901238
vt 0.794676 0.877583
vt 0.794499 0.896264
vt 0.794676 0.904103
vt 0.793000 0.913258
vt 0.216411 0.027042
vt 0.223005 0.020235
vt 0.667641 0.039086
vt 0.674704 0.031084
vt 0.676297 0.031266
vt 0.678858 0.031846
vt 0.287779 0.900571
vt 0.279515 0.895245
vt 0.430640 0.248794
vt 0.433620 0.256141
vt 0.428424 0.250885
vt 0.428754 0.240358
vt 0.215734 0.020764
vt 0.685454 0.029361
vt 0.686713 0.042477
vt 0.681002 0.022886
vt 0.686713 0.001509
vt 0.575211 0.240732
vt 0.716384 0.880133
vt 0.723779 0.875070
vt 0.723385 0.880217
vt 0.724006 0.902638
vt 0.094765 0.528677
vt 0.113138 0.546398
vt 0.048831 0.890871
vt 0.635329 0.867241
vt 0.647604 0.842301
vt 0.653983 0.843074
vt 0.474906 0.894719
vt 0.491261 0.903404
vt 0.470199 0.897836
vt 0.467130 0.891271
vt 0.482992 0.872349
vt 0.502646 0.890700
vt 0.430638 0.258250
vt 0.089640 0.303378
vt 0.092034 0.301443
vt 0.092034 0.318578
vt 0.087490 0.303717
vt 0.428497 0.259631
vt 0.425863 0.252055
vt 0.426171 0.258786
vt 0.425870 0.274331
vt 0.150930 0.060925
vt 0.155749 0.077368
vt 0.150930 0.079645
vt 0.628764 0.758589
vt 0.212161 0.120266
vt 0.251252 0.129261
vt 0.202235 0.157061
vt 0.149722 0.091559
vt 0.199363 0.017813
vt 0.239762 0.602192
vt 0.249436 0.602873
vt 0.244161 0.612046
vt 0.177304 0.654623
vt 0.174835 0.617688
vt 0.000655 0.530964
vt 0.483423 0.926467
vt 0.502076 0.935046
vt 0.480580 0.930977
vt 0.459234 0.923824
vt 0.470610 0.900929
vt 0.840718 0.085855
vt 0.825138 0.068501
vt 0.843509 0.081944
vt 0.843545 0.102653
vt 0.698902 0.822233
vt 0.703169 0.841649
vt 0.698230 0.843462
vt 0.685328 0.817245
vt 0.089885 0.998212
vt 0.068562 0.993349
vt 0.080915 0.966451
vt 0.085771 0.966123
vt 0.736318 0.846639
vt 0.517038 0.940256
vt 0.477398 0.854494
vt 0.446234 0.863745
vt 0.485468 0.962814
vt 0.481149 0.960573
vt 0.212941 0.214266
vt 0.214155 0.230084
vt 0.207615 0.213938
vt 0.209470 0.204522
vt 0.214155 0.204093
vt 0.083837 0.174695
vt 0.086724 0.185837
vt 0.082548 0.174951
vt 0.086724 0.160066
vt 0.074703 0.946642
vt 0.103514 0.957014
vt 0.115042 0.976350
vt 0.442731 0.890543
vt 0.443551 0.884958
vt 0.085074 0.185814
vt 0.979412 0.301547
vt 0.981893 0.301502
vt 0.980660 0.316688
vt 0.977435 0.316742
vt 0.975692 0.300919
vt 0.081012 0.185561
vt 0.974106 0.316794
vt 0.971543 0.292831
vt 0.075960 0.177210
vt 0.827225 0.063473
vt 0.454045 0.925041
vt 0.455363 0.926773
vt 0.019512 0.978743
vt 0.018375 0.977647
vt 0.032817 0.968527
vt 0.828639 0.052093
vt 0.839756 0.049354
vt 0.039217 0.977088
vt 0.035324 0.963561
vt 0.831377 0.041491
vt 0.840814 0.044857
vt 0.868042 0.041797
vt 0.870781 0.063963
vt 0.453349 0.946735
vt 0.018375 0.960080
vt 0.030682 0.967389
vt 0.954549 0.465105
vt 0.955594 0.434039
vt 0.973145 0.444692
vt 0.958770 0.466166
vt 0.021146 0.955734
vt 0.024017 0.148973
vt 0.046902 0.161741
vt 0.024017 0.343357
vt 0.257497 0.301819
vt 0.423001 0.301819
vt 0.383276 0.329198
vt 0.416807 0.152938
vt 0.404038 0.288490
vt 0.401966 0.144940
vt 0.290260 0.024226
vt 0.277375 0.031858
vt 0.283375 0.022604
vt 0.290255 0.022538
vt 0.985300 0.317255
vt 0.985823 0.302267
vt 0.003540 0.118582
vt 0.001010 0.101776
vt 0.003540 0.092379
vt 0.975685 0.322096
vt 0.971543 0.332737
vt 0.356758 0.331766
vt 0.364759 0.346606
vt 0.221208 0.344539
vt 0.192917 0.016868
vt 0.067139 0.044247
vt 0.027411 0.016868
vt 0.000124 0.341587
vt 0.000124 0.147203
vt 0.023008 0.328818
vt 0.587291 0.706719
vt 0.573532 0.678719
vt 0.604717 0.686625
vt 0.617059 0.718120
vt 0.614605 0.722859
vt 0.589061 0.713727
vt 0.115879 0.549727
vt 0.614456 0.738872
vt 0.206095 0.731148
vt 0.193629 0.723094
vt 0.375156 0.598826
vt 0.390978 0.614465
vt 0.368259 0.602461
vt 0.639506 0.806383
vt 0.642407 0.799429
vt 0.651156 0.810718
vt 0.648723 0.837967
vt 0.655678 0.809593
vt 0.679812 0.834881
vt 0.684943 0.862572
vt 0.623973 0.736782
vt 0.671861 0.959275
vt 0.673833 0.937012
vt 0.734500 0.956063
vt 0.226719 0.186910
vt 0.422116 0.602988
vt 0.414657 0.642784
vt 0.378079 0.667391
vt 0.340967 0.651361
vt 0.741579 0.885535
vt 0.107864 0.953932
vt 0.966245 0.756617
vt 0.961032 0.757207
vt 0.966872 0.738838
vt 0.974880 0.739121
vt 0.980335 0.761736
vt 0.960081 0.779853
vt 0.985446 0.767114
vt 0.991133 0.746355
vt 0.822812 0.919154
vt 0.821401 0.940634
vt 0.807661 0.938663
vt 0.803635 0.917194
vt 0.991133 0.785826
vt 0.445591 0.911418
vt 0.453957 0.921860
vt 0.313806 0.951488
vt 0.332208 0.945564
vt 0.332738 0.967464
vt 0.429174 0.929187
vt 0.427792 0.920409
vt 0.440584 0.905734
vt 0.428445 0.896974
vt 0.937190 0.218623
vt 0.947769 0.205625
vt 0.954179 0.215596
vt 0.937318 0.224685
vt 0.465032 0.436580
vt 0.469018 0.448381
vt 0.465352 0.449219
vt 0.277375 0.012139
vt 0.284197 0.021343
vt 0.290254 0.021456
vt 0.427792 0.853560
vt 0.957561 0.245031
vt 0.964584 0.246013
vt 0.128093 0.880151
vt 0.128835 0.874846
vt 0.132586 0.875371
vt 0.133449 0.880184
vt 0.131538 0.900723
vt 0.127040 0.902638
vt 0.069964 0.949084
vt 0.068562 0.944424
vt 0.071654 0.942269
vt 0.846824 0.854815
vt 0.841489 0.854852
vt 0.852847 0.825477
vt 0.937432 0.738467
vt 0.655957 0.587219
vt 0.656006 0.575709
vt 0.658225 0.587212
vt 0.658273 0.596203
vt 0.655327 0.596672
vt 0.652412 0.586191
vt 0.263557 0.009870
vt 0.131115 0.011269
vt 0.129995 0.000018
vt 0.129428 0.224401
vt 0.234267 0.241941
vt 0.153234 0.303933
vt 0.042692 0.295715
vt 0.580403 0.632452
vt 0.632963 0.503164
vt 0.590631 0.644732
vt 0.537083 0.782287
vt 0.524544 0.772361
vt 0.524995 0.717394
vt 0.546893 0.769658
vt 0.241396 0.192917
vt 0.241396 0.176927
vt 0.246013 0.184921
vt 0.572104 0.038563
vt 0.608723 0.148373
vt 0.514896 0.090925
vt 0.464579 0.000820
vt 0.519824 0.237164
vt 0.519824 0.103242
vt 0.530964 0.105186
vt 0.568488 0.028542
vt 0.472944 0.001625
vt 0.603529 0.349153
vt 0.265283 0.775207
vt 0.255472 0.762577
vt 0.277371 0.710315
vt 0.277823 0.765281
vt 0.607895 0.161059
vt 0.798842 0.936470
vt 0.800163 0.943329
vt 0.624492 0.690786
vt 0.629386 0.690827
vt 0.621064 0.717283
vt 0.684943 0.814128
vt 0.656243 0.804938
vt 0.340931 0.963473
vt 0.368135 0.961813
vt 0.341561 0.968235
vt 0.976973 0.447696
vt 0.972171 0.473731
vt 0.966277 0.477284
vt 0.029425 0.943716
vt 0.036840 0.958558
vt 0.049557 0.966119
vt 0.828257 0.034301
vt 0.838170 0.032421
vt 0.843104 0.030169
vt 0.867582 0.036645
vt 0.465032 0.458923
vt 0.465786 0.470788
vt 0.660165 0.607069
vt 0.657151 0.606474
vt 0.502792 0.715317
vt 0.000246 0.644236
vt 0.007394 0.623112
vt 0.143360 0.644236
vt 0.333536 0.180591
vt 0.333536 0.095548
vt 0.346826 0.095728
vt 0.388017 0.129969
vt 0.652412 0.606972
vt 0.654942 0.606482
vt 0.047787 0.956873
vt 0.044738 0.957505
vt 0.044738 0.941790
vt 0.047005 0.921350
vt 0.185837 0.952195
vt 0.179605 0.916849
vt 0.185770 0.892716
vt 0.379729 0.360555
vt 0.413972 0.401745
vt 0.968263 0.731873
vt 0.976271 0.732156
vt 0.837153 0.948905
vt 0.836115 0.955932
vt 0.820985 0.945863
vt 0.952698 0.184427
vt 0.958665 0.191634
vt 0.959585 0.194180
vt 0.958248 0.204510
vt 0.960649 0.212998
vt 0.973044 0.483177
vt 0.031380 0.935107
vt 0.039642 0.941718
vt 0.328426 0.155749
vt 0.326358 0.155544
vt 0.327917 0.142607
vt 0.330967 0.155549
vt 0.618990 0.722202
vt 0.672928 0.921617
vt 0.723425 0.929154
vt 0.685784 0.848424
vt 0.688483 0.833118
vt 0.688465 0.869011
vt 0.145731 0.578751
vt 0.145731 0.557991
vt 0.148670 0.558903
vt 0.326358 0.126011
vt 0.330928 0.142166
vt 0.673832 0.916351
vt 0.706944 0.905775
vt 0.652001 0.805834
vt 0.356638 0.588270
vt 0.324684 0.627268
vt 0.319344 0.598037
vt 0.653136 0.772498
vt 0.287727 0.391884
vt 0.300879 0.398583
vt 0.287727 0.415922
vt 0.558104 0.426541
vt 0.535278 0.419005
vt 0.558656 0.417324
vt 0.115543 0.763246
vt 0.123650 0.763974
vt 0.122011 0.785162
vt 0.918567 0.449549
vt 0.912375 0.425424
vt 0.918567 0.390072
vt 0.039950 0.934399
vt 0.031535 0.929991
vt 0.841296 0.021550
vt 0.864571 0.013829
vt 0.976973 0.480307
vt 0.153979 0.850229
vt 0.153035 0.858356
vt 0.131048 0.849917
vt 0.139365 0.836343
vt 0.153979 0.825781
vt 0.125937 0.848312
vt 0.130390 0.828170
vt 0.129001 0.785856
vt 0.131204 0.803525
vt 0.126103 0.786093
vt 0.126532 0.765111
vt 0.128869 0.764966
vt 0.133039 0.785262
vt 0.147965 0.677975
vt 0.226365 0.686541
vt 0.187088 0.727657
vt 0.144367 0.718576
vt 0.118063 0.712053
vt 0.304658 0.670784
vt 0.316548 0.636593
vt 0.677995 0.888905
vt 0.798842 0.976207
vt 0.807244 0.943893
vt 0.826396 0.959345
vt 0.800938 0.980513
vt 0.710609 0.906649
vt 0.315659 0.601858
vt 0.360577 0.995201
vt 0.360655 0.999982
vt 0.330079 0.996032
vt 0.335483 0.971952
vt 0.870781 0.034529
vt 0.821401 0.840081
vt 0.823569 0.835206
vt 0.847469 0.820651
vt 0.559282 0.414311
vt 0.536561 0.414311
vt 0.559282 0.412135
vt 0.905651 0.164671
vt 0.909718 0.171808
vt 0.884309 0.177419
vt 0.886235 0.145501
vt 0.906702 0.129579
vt 0.131849 0.764067
vt 0.558656 0.409121
vt 0.536561 0.412135
vt 0.535278 0.407441
vt 0.558103 0.399905
vt 0.139820 0.763246
vt 0.324089 0.979949
vt 0.321344 0.975461
vt 0.375950 0.282985
vt 0.375921 0.278157
vt 0.384622 0.280037
vt 0.384585 0.283090
vt 0.375923 0.285144
vt 0.853938 0.815692
vt 0.829524 0.805855
vt 0.856622 0.777680
vt 0.964584 0.199012
vt 0.323081 0.999982
vt 0.909718 0.207076
vt 0.802878 0.819527
vt 0.802413 0.797104
vt 0.837125 0.752191
vt 0.125949 0.823865
vt 0.803451 0.825289
vt 0.385641 0.284973
vt 0.387247 0.281596
vt 0.070356 0.188870
vt 0.071798 0.186263
vt 0.072757 0.188367
vt 0.387604 0.287437
vt 0.384611 0.288044
vt 0.070356 0.183753
vt 0.073036 0.183122
vt 0.074879 0.185295
vt 0.375921 0.289971
vt 0.386712 0.290260
vt 0.360441 0.427986
vt 0.368135 0.435680
vt 0.358902 0.435680
vt 0.208079 0.525164
vt 0.215925 0.525164
vt 0.209285 0.546893
vt 0.012079 0.536093
vt 0.015929 0.557512
vt 0.001169 0.557512
vt 0.286612 0.588270
vt 0.330967 0.093678
vt 0.321017 0.146900
vt 0.304314 0.093678
vt 0.856688 0.176537
vt 0.863652 0.158258
vt 0.075734 0.187076
vt 0.076981 0.184148
vt 0.077875 0.186853
vt 0.075559 0.190091
vt 0.073161 0.191147
vt 0.386710 0.277810
vt 0.368135 0.445395
vt 0.360441 0.453089
vt 0.358902 0.445395
vt 0.368135 0.441626
vt 0.368135 0.439450
vt 0.358902 0.441626
vt 0.358902 0.439449
vt 0.069025 0.370929
vt 0.038134 0.460169
vt 0.054161 0.374913
vt 0.693793 0.315039
vt 0.679167 0.315027
vt 0.685780 0.305370
vt 0.014879 0.216213
vt 0.023008 0.220591
vt 0.014879 0.238934
vt 0.211961 0.069025
vt 0.211961 0.046305
vt 0.219465 0.048598
vt 0.323705 0.797330
vt 0.299460 0.796384
vt 0.325767 0.790226
vt 0.338047 0.805295
vt 0.585830 0.768970
vt 0.570964 0.764998
vt 0.554879 0.679753
vt 0.414152 0.415037
vt 0.329109 0.415037
vt 0.102653 0.100883
vt 0.098997 0.099965
vt 0.102653 0.080238
vt 0.693793 0.283995
vt 0.684065 0.304022
vt 0.042477 0.226066
vt 0.040314 0.246013
vt 0.040314 0.225831
vt 0.322250 0.038567
vt 0.322264 0.040815
vt 0.320310 0.039702
vt 0.320297 0.037454
vt 0.322237 0.036319
vt 0.324498 0.038554
vt 0.323381 0.039684
vt 0.328042 0.044291
vt 0.329159 0.043161
vt 0.283906 0.704412
vt 0.281729 0.704412
vt 0.281729 0.672725
vt 0.283906 0.672725
vt 0.286925 0.703814
vt 0.320879 0.047787
vt 0.286925 0.672127
vt 0.293800 0.704113
vt 0.094768 0.180528
vt 0.090443 0.175175
vt 0.102468 0.172538
vt 0.330967 0.035206
vt 0.318721 0.039711
vt 0.100635 0.171364
vt 0.090957 0.170336
vt 0.101912 0.168564
vt 0.318708 0.037463
vt 0.320284 0.035206
vt 0.101992 0.166389
vt 0.091038 0.168161
vt 0.091119 0.165986
vt 0.090443 0.160699
vt 0.102653 0.163383
vt 0.454859 0.472558
vt 0.449528 0.472558
vt 0.453082 0.446231
vt 0.164599 0.647254
vt 0.154214 0.670538
vt 0.150290 0.670181
vt 0.132332 0.647254
vt 0.271835 0.704113
vt 0.278710 0.672127
vt 0.278710 0.703814
vt 0.094730 0.155315
vt 0.438922 0.178078
vt 0.441975 0.178391
vt 0.445126 0.224021
vt 0.436636 0.178522
vt 0.097343 0.143360
vt 0.093687 0.123632
vt 0.097343 0.122715
vt 0.338047 0.764909
vt 0.329043 0.789237
vt 0.336960 0.799910
vt 0.599989 0.559282
vt 0.595175 0.558569
vt 0.599989 0.532717
vt 0.746114 0.831625
vt 0.771458 0.868901
vt 0.770493 0.870420
vt 0.484134 0.366365
vt 0.486310 0.339801
vt 0.486310 0.366365
vt 0.676402 0.310276
vt 0.682188 0.303698
vt 0.330642 0.789403
vt 0.143298 0.100624
vt 0.145953 0.178582
vt 0.132645 0.173862
vt 0.131632 0.098119
vt 0.139817 0.090301
vt 0.802413 0.751471
vt 0.760696 0.290147
vt 0.761048 0.324831
vt 0.733216 0.285509
vt 0.734500 0.928132
vt 0.492026 0.282484
vt 0.475215 0.413957
vt 0.462955 0.405579
vt 0.410657 0.327539
vt 0.515961 0.093188
vt 0.498836 0.199336
vt 0.462741 0.145417
vt 0.255750 0.611873
vt 0.247152 0.683869
vt 0.434016 0.179123
vt 0.442448 0.225290
vt 0.439907 0.225850
vt 0.111044 0.647810
vt 0.132741 0.681864
vt 0.072537 0.672835
vt 0.415922 0.663000
vt 0.415922 0.704412
vt 0.400010 0.687317
vt 0.383701 0.665767
vt 0.397087 0.687741
vt 0.773278 0.867674
vt 0.812375 0.869373
vt 0.810795 0.870770
vt 0.449549 0.224017
vt 0.045605 0.210509
vt 0.042601 0.209834
vt 0.047787 0.165780
vt 0.047787 0.210616
vt 0.771172 0.871520
vt 0.746114 0.909718
vt 0.488487 0.366365
vt 0.135736 0.688483
vt 0.059068 0.673324
vt 0.055713 0.661332
vt 0.063389 0.673288
vt 0.061630 0.700435
vt 0.000433 0.681970
vt 0.022193 0.647810
vt 0.572477 0.936589
vt 0.577847 0.933734
vt 0.571130 0.945563
vt 0.566475 0.946086
vt 0.665519 0.314131
vt 0.674522 0.309478
vt 0.240209 0.729190
vt 0.753652 0.173221
vt 0.761471 0.128872
vt 0.809255 0.160213
vt 0.274031 0.668152
vt 0.042654 0.749418
vt 0.113272 0.806080
vt 0.044536 0.810605
vt 0.020728 0.771104
vt 0.736477 0.364040
vt 0.730202 0.330050
vt 0.810605 0.321850
vt 0.794471 0.408141
vt 0.730202 0.435390
vt 0.088897 0.135289
vt 0.060766 0.102898
vt 0.069534 0.080465
vt 0.085463 0.069503
vt 0.113272 0.701766
vt 0.080217 0.052741
vt 0.197012 0.018227
vt 0.057776 0.061434
vt 0.031964 0.026324
vt 0.651316 0.549136
vt 0.613964 0.574127
vt 0.733216 0.327428
vt 0.128779 0.903091
vt 0.157519 0.933605
vt 0.128779 0.968124
vt 0.176597 0.228458
vt 0.665019 0.313039
vt 0.563982 0.946381
vt 0.566305 0.965766
vt 0.564220 0.966428
vt 0.561673 0.964791
vt 0.558890 0.947031
vt 0.556991 0.937893
vt 0.561023 0.774762
vt 0.554879 0.789366
vt 0.552820 0.934071
vt 0.729190 0.189825
vt 0.729190 0.327428
vt 0.701324 0.275696
vt 0.683942 0.217498
vt 0.569901 0.230256
vt 0.533702 0.269022
vt 0.533702 0.107028
vt 0.420634 0.286721
vt 0.420634 0.158287
vt 0.431851 0.177684
vt 0.038061 0.350554
vt 0.044214 0.365154
vt 0.762369 0.289721
vt 0.731830 0.256857
vt 0.763963 0.288240
vt 0.782287 0.307959
vt 0.400484 0.376984
vt 0.398153 0.354203
vt 0.400577 0.354051
vt 0.760424 0.560014
vt 0.778747 0.540295
vt 0.763003 0.561692
vt 0.732464 0.594557
vt 0.434016 0.265482
vt 0.778747 0.654855
vt 0.093115 0.338494
vt 0.000114 0.355160
vt 0.090755 0.319923
vt 0.096757 0.337521
vt 0.093112 0.362825
vt 0.079896 0.722096
vt 0.071666 0.700420
vt 0.096754 0.361852
vt 0.067853 0.700535
vt 0.070494 0.671989
vt 0.766544 0.286562
vt 0.736004 0.253698
vt 0.782287 0.193401
vt 0.195572 0.355179
vt 0.102574 0.338495
vt 0.104937 0.319924
vt 0.281411 0.623944
vt 0.258965 0.718571
vt 0.258965 0.608009
vt 0.085596 0.437160
vt 0.085596 0.409634
vt 0.090264 0.411010
vt 0.065472 0.700600
vt 0.102571 0.362825
vt 0.098931 0.361851
vt 0.098933 0.337522
vt 0.053463 0.722111
vt 0.605896 0.955735
vt 0.601429 0.935821
vt 0.605978 0.936904
vt 0.569485 0.964340
vt 0.580520 0.982283
vt 0.463111 0.002539
vt 0.474328 0.111576
vt 0.463111 0.130971
vt 0.036283 0.395347
vt 0.000084 0.518575
vt 0.000084 0.356580
vt 0.734500 0.736270
vt 0.688113 0.710551
vt 0.702997 0.651664
vt 0.728631 0.598792
vt 0.408842 0.417807
vt 0.272865 0.438930
vt 0.265719 0.417807
vt 0.299574 0.708236
vt 0.330967 0.774419
vt 0.930110 0.989362
vt 0.930110 0.935437
vt 0.985823 0.948788
vt 0.646006 0.398223
vt 0.618299 0.337779
vt 0.643186 0.322824
vt 0.646006 0.247366
vt 0.067005 0.671087
vt 0.811563 0.872489
vt 0.772972 0.873217
vt 0.077462 0.660498
vt 0.604406 0.928051
vt 0.607069 0.928057
vt 0.362432 0.077759
vt 0.363514 0.068088
vt 0.364595 0.078001
vt 0.362432 0.097343
vt 0.158612 0.624822
vt 0.156053 0.615756
vt 0.158777 0.615684
vt 0.162829 0.623609
vt 0.159461 0.644236
vt 0.548930 0.982283
vt 0.828450 0.199654
vt 0.812218 0.160717
vt 0.830412 0.198837
vt 0.838923 0.224775
vt 0.473200 0.470788
vt 0.473200 0.443260
vt 0.477867 0.469411
vt 0.405302 0.352409
vt 0.401730 0.324542
vt 0.404991 0.323312
vt 0.929187 0.930956
vt 0.895897 0.930956
vt 0.909981 0.857090
vt 0.814144 0.523884
vt 0.750057 0.482434
vt 0.778932 0.417222
vt 0.814144 0.413325
vt 0.625330 0.118582
vt 0.625330 0.008018
vt 0.647776 0.102647
vt 0.637679 0.594425
vt 0.649072 0.580797
vt 0.648457 0.595866
vt 0.644117 0.651316
vt 0.651316 0.650855
vt 0.931777 0.068390
vt 0.938955 0.068998
vt 0.935732 0.091544
vt 0.817630 0.422787
vt 0.834050 0.430753
vt 0.817630 0.520345
vt 0.471398 0.781500
vt 0.471398 0.665648
vt 0.398166 0.324567
vt 0.393097 0.352384
vt 0.394788 0.323312
vt 0.159651 0.602854
vt 0.162829 0.602249
vt 0.157627 0.602767
vt 0.772019 0.696864
vt 0.736808 0.803525
vt 0.736808 0.692965
vt 0.924703 0.396749
vt 0.907505 0.366083
vt 0.923972 0.385141
vt 0.927694 0.397365
vt 0.923859 0.438731
vt 0.920866 0.438116
vt 0.801755 0.726327
vt 0.800894 0.762077
vt 0.295570 0.928087
vt 0.289855 0.962806
vt 0.266932 0.933808
vt 0.240094 0.902052
vt 0.085780 0.371969
vt 0.142722 0.347304
vt 0.277871 0.446010
vt 0.097261 0.446010
vt 0.923877 0.077875
vt 0.891658 0.009929
vt 0.923877 0.001552
vt 0.601429 0.915067
vt 0.605076 0.915575
vt 0.322118 0.000144
vt 0.302443 0.011504
vt 0.140849 0.000095
vt 0.460169 0.012306
vt 0.460169 0.192917
vt 0.386127 0.000827
vt 0.437160 0.300879
vt 0.255907 0.300879
vt 0.417489 0.289513
vt 0.816090 0.163472
vt 0.818963 0.151231
vt 0.838914 0.122335
vt 0.537195 0.661935
vt 0.489024 0.661311
vt 0.526934 0.603875
vt 0.570786 0.614071
vt 0.643496 0.736270
vt 0.658907 0.666670
vt 0.665585 0.623167
vt 0.894678 0.194113
vt 0.874784 0.218845
vt 0.830135 0.183861
vt 0.820040 0.162570
vt 0.330967 0.658567
vt 0.001053 0.003772
vt 0.009091 0.042741
vt 0.237533 0.286421
vt 0.247758 0.247489
vt 0.263622 0.291447
vt 0.143966 0.555742
vt 0.143966 0.529178
vt 0.148670 0.530426
vt 0.601017 0.330304
vt 0.581555 0.327740
vt 0.603698 0.325082
vt 0.610248 0.338551
vt 0.608711 0.320620
vt 0.502646 0.856622
vt 0.478794 0.842053
vt 0.477522 0.839304
vt 0.577317 0.327189
vt 0.587246 0.289433
vt 0.616502 0.285485
vt 0.596140 0.256736
vt 0.492026 0.454459
vt 0.458250 0.428255
vt 0.441359 0.472558
vt 0.416977 0.414952
vt 0.442127 0.413540
vt 0.443616 0.614354
vt 0.356751 0.476971
vt 0.453259 0.474231
vt 0.354976 0.497819
vt 0.132101 0.051185
vt 0.152210 0.052891
vt 0.132101 0.095573
vt 0.122848 0.217202
vt 0.948346 0.068524
vt 0.945064 0.091783
vt 0.941126 0.068962
vt 0.931577 0.928372
vt 0.985483 0.939562
vt 0.162931 0.812897
vt 0.230084 0.861355
vt 0.162931 0.899099
vt 0.536273 0.276986
vt 0.436712 0.276986
vt 0.462201 0.192594
vt 0.260172 0.729190
vt 0.722111 0.608602
vt 0.703700 0.617688
vt 0.703700 0.526468
vt 0.274331 0.829108
vt 0.274331 0.913258
vt 0.222402 0.873658
vt 0.827192 0.116723
vt 0.098935 0.318802
vt 0.255264 0.067216
vt 0.256475 0.048523
vt 0.260172 0.049271
vt 0.941451 0.090734
vt 0.939309 0.090382
vt 0.932021 0.926240
vt 0.856622 0.492634
vt 0.851180 0.470329
vt 0.872809 0.222101
vt 0.850762 0.217255
vt 0.874420 0.220226
vt 0.896311 0.235398
vt 0.665162 0.305763
vt 0.651780 0.262917
vt 0.656634 0.262585
vt 0.638269 0.193706
vt 0.752172 0.077750
vt 0.722300 0.141590
vt 0.749510 0.076208
vt 0.775207 0.022641
vt 0.775207 0.123781
vt 0.817036 0.150336
vt 0.830157 0.117215
vt 0.451929 0.843415
vt 0.477960 0.846258
vt 0.263712 0.391328
vt 0.263712 0.414152
vt 0.259662 0.394024
vt 0.452335 0.847787
vt 0.432341 0.852582
vt 0.452681 0.840505
vt 0.832095 0.118114
vt 0.217321 0.874768
vt 0.219493 0.874660
vt 0.220314 0.891209
vt 0.218152 0.891454
vt 0.214327 0.874059
vt 0.290046 0.283420
vt 0.317209 0.216643
vt 0.322418 0.289493
vt 0.308329 0.296740
vt 0.245232 0.393634
vt 0.249771 0.371477
vt 0.446028 0.828020
vt 0.429978 0.851099
vt 0.416315 0.856622
vt 0.638927 0.254729
vt 0.610569 0.269907
vt 0.593992 0.200537
vt 0.428623 0.751696
vt 0.484680 0.793765
vt 0.361463 0.057767
vt 0.387558 0.122970
vt 0.000857 0.953456
vt 0.000857 0.896010
vt 0.005400 0.940965
vt 0.004065 0.953965
vt 0.232075 0.908666
vt 0.234129 0.906441
vt 0.261132 0.937543
vt 0.258236 0.941356
vt 0.246914 0.968124
vt 0.207922 0.373399
vt 0.953080 0.306189
vt 0.953034 0.247921
vt 0.957307 0.261230
vt 0.957860 0.305813
vt 0.767481 0.019420
vt 0.770450 0.020226
vt 0.747502 0.075372
vt 0.744533 0.074566
vt 0.695615 0.090588
vt 0.931777 0.136189
vt 0.254298 0.048524
vt 0.254297 0.067255
vt 0.250601 0.049271
vt 0.250601 0.023876
vt 0.254298 0.023130
vt 0.851005 0.214867
vt 0.874779 0.219723
vt 0.820040 0.251323
vt 0.950425 0.136281
vt 0.547088 0.146022
vt 0.546275 0.127714
vt 0.551401 0.139823
vt 0.555240 0.144797
vt 0.555168 0.148670
vt 0.255889 0.372154
vt 0.560820 0.145379
vt 0.557045 0.139315
vt 0.561052 0.127714
vt 0.006523 0.137749
vt 0.012172 0.162201
vt 0.000018 0.145266
vt 0.247718 0.148342
vt 0.251175 0.139242
vt 0.321258 0.207528
vt 0.415922 0.753950
vt 0.415922 0.853082
vt 0.346470 0.822267
vt 0.638926 0.116669
vt 0.587566 0.193218
vt 0.867241 0.349855
vt 0.867241 0.444240
vt 0.857987 0.346844
vt 0.288236 0.582832
vt 0.294362 0.575269
vt 0.321320 0.585830
vt 0.922107 0.661619
vt 0.894196 0.679634
vt 0.894196 0.602600
vt 0.359139 0.456346
vt 0.749197 0.446685
vt 0.932884 0.397506
vt 0.929063 0.438875
vt 0.926009 0.438930
vt 0.929853 0.397322
vt 0.933095 0.384963
vt 0.948655 0.366083
vt 0.256476 0.023130
vt 0.260172 0.023877
vt 0.451429 0.512761
vt 0.478415 0.476546
vt 0.483114 0.487375
vt 0.457405 0.518678
vt 0.656192 0.343518
vt 0.663818 0.343327
vt 0.656057 0.438930
vt 0.801988 0.407948
vt 0.420882 0.585830
vt 0.324697 0.579451
vt 0.661241 0.125727
vt 0.597626 0.198226
vt 0.656618 0.120624
vt 0.687748 0.086846
vt 0.693985 0.090489
vt 0.708846 0.106988
vt 0.711492 0.198226
vt 0.654043 0.666545
vt 0.720189 0.140712
vt 0.127026 0.125481
vt 0.129201 0.054671
vt 0.129201 0.125548
vt 0.127838 0.169908
vt 0.899099 0.230278
vt 0.554870 0.139002
vt 0.554499 0.128399
vt 0.285650 0.965781
vt 0.283730 0.968124
vt 0.344115 0.248794
vt 0.011644 0.210396
vt 0.013440 0.163641
vt 0.018402 0.169464
vt 0.017098 0.214155
vt 0.021239 0.210676
vt 0.021239 0.163478
vt 0.578395 0.238388
vt 0.214821 0.893216
vt 0.219700 0.905126
vt 0.216369 0.906888
vt 0.470441 0.661935
vt 0.456678 0.661931
vt 0.223954 0.892182
vt 0.221862 0.904881
vt 0.910730 0.164213
vt 0.916623 0.142816
vt 0.941075 0.203118
vt 0.932854 0.214155
vt 0.772545 0.021099
vt 0.927428 0.383707
vt 0.929587 0.383666
vt 0.287267 0.964378
vt 0.262748 0.936139
vt 0.225502 0.905854
vt 0.223372 0.908962
vt 0.961384 0.305952
vt 0.960523 0.260105
vt 0.962814 0.259456
vt 0.005885 0.896228
vt 0.008849 0.941905
vt 0.237512 0.903633
vt 0.956600 0.247467
vt 0.220985 0.909284
vt 0.946885 0.202212
vt 0.944711 0.202126
vt 0.946885 0.147633
vt 0.167181 0.911458
vt 0.187607 0.962071
vt 0.163414 0.975203
vt 0.163414 0.911607
vt 0.422936 0.606295
vt 0.524769 0.408932
vt 0.482206 0.477450
vt 0.921942 0.142466
vt 0.695458 0.085362
vt 0.645298 0.055521
vt 0.701717 0.060656
vt 0.958797 0.247083
vt 0.018194 0.159591
vt 0.349400 0.245639
vt 0.340928 0.222503
vt 0.573934 0.236750
vt 0.566222 0.213875
vt 0.570662 0.212181
vt 0.573584 0.212895
vt 0.328477 0.161356
vt 0.559396 0.153321
vt 0.567420 0.152270
vt 0.729190 0.396402
vt 0.902226 0.042675
vt 0.902638 0.115042
vt 0.869488 0.088643
vt 0.877574 0.031813
vt 0.902638 0.036340
vt 0.822270 0.406110
vt 0.252981 0.519810
vt 0.320407 0.515441
vt 0.319751 0.148578
vt 0.290902 0.087466
vt 0.252431 0.511972
vt 0.319857 0.507593
vt 0.253344 0.516753
vt 0.814841 0.408889
vt 0.819321 0.406988
vt 0.821797 0.422787
vt 0.368231 0.509647
vt 0.320731 0.512381
vt 0.368554 0.506587
vt 0.008109 0.891915
vt 0.005028 0.892019
vt 0.004729 0.837471
vt 0.063716 0.823855
vt 0.422116 0.578874
vt 0.565483 0.151392
vt 0.826701 0.421007
vt 0.824571 0.421453
vt 0.519158 0.543353
vt 0.524769 0.538111
vt 0.637407 0.053492
vt 0.644629 0.053448
vt 0.638745 0.057637
vt 0.000153 0.798191
vt 0.004513 0.798167
vt 0.002549 0.837483
vt 0.714304 0.303422
vt 0.723130 0.339515
vt 0.000153 0.891979
vt 0.005798 0.798120
vt 0.639415 0.059707
vt 0.507478 0.484868
vt 0.367291 0.501887
s 1
usemtl Material.004
f 1/1/1 2/2/2 3/3/3
f 1/1/1 3/3/3 4/4/4
f 1/1/1 4/4/4 5/5/5
f 1/1/1 5/5/5 6/6/6
f 1/1/1 6/6/6 7/7/7
f 1/1/1 7/7/7 8/8/8
f 1/1/1 8/8/8 2/2/2
f 9/9/9 2/2/2 8/8/8
f 9/9/9 8/8/8 10/10/10
f 9/9/9 10/10/10 11/11/11
f 9/9/9 11/11/11 12/12/12
f 9/9/9 12/12/12 13/13/13
f 9/9/9 13/13/13 2/2/2
f 13/14/13 12/15/12 14/16/14
f 13/14/13 14/16/14 15/17/15
f 13/14/13 15/17/15 3/18/3
f 13/13/13 3/3/3 2/2/2
f 15/17/15 14/16/14 16/19/16
f 15/17/15 16/19/16 4/20/4
f 15/17/15 4/20/4 3/18/3
f 16/19/16 14/16/14 17/21/17
f 16/19/16 17/21/17 18/22/18
f 16/19/16 18/22/18 5/23/5
f 16/19/16 5/23/5 4/20/4
f 18/22/18 17/21/17 19/24/19
f 18/25/18 19/26/19 20/27/20
f 18/28/18 20/29/20 6/6/6
f 18/28/18 6/6/6 5/5/5
f 20/30/20 19/31/19 21/32/21
f 20/30/20 21/32/21 22/33/22
f 20/34/20 22/35/22 7/36/7
f 20/29/20 7/7/7 6/6/6
f 10/10/10 8/8/8 7/7/7
f 10/37/10 7/36/7 22/35/22
f 10/37/10 22/35/22 23/38/23
f 10/37/10 23/38/23 11/39/11
f 24/40/24 11/39/11 23/38/23
f 24/41/24 23/42/23 25/43/25
f 24/41/24 25/43/25 26/44/26
f 24/41/24 26/44/26 27/45/27
f 24/41/24 27/45/27 28/46/28
f 24/40/24 28/47/28 11/39/11
f 28/48/28 27/49/27 29/50/29
f 28/48/28 29/50/29 30/51/30
f 28/48/28 30/51/30 12/52/12
f 28/47/28 12/53/12 11/39/11
f 30/51/30 29/50/29 31/54/31
f 30/51/30 31/54/31 17/55/17
f 30/56/30 17/21/17 14/16/14
f 30/56/30 14/16/14 12/15/12
f 32/57/32 33/58/33 34/59/34
f 32/60/32 34/61/34 35/62/35
f 32/60/32 35/62/35 36/63/36
f 32/60/32 36/63/36 37/64/37
f 32/57/32 37/65/37 38/66/38
f 32/57/32 38/66/38 33/58/33
f 39/67/39 33/58/33 38/66/38
f 39/67/39 38/66/38 40/68/40
f 39/69/39 40/70/40 41/71/41
f 39/67/39 41/72/41 42/73/42
f 39/67/39 42/73/42 34/59/34
f 39/67/39 34/59/34 33/58/33
f 43/74/43 44/75/44 45/76/45
f 43/74/43 45/76/45 46/77/46
f 43/78/43 46/79/46 47/80/47
f 43/78/43 47/80/47 48/81/48
f 43/78/43 48/81/48 49/82/49
f 43/74/43 49/83/49 44/75/44
f 50/84/50 44/75/44 49/83/49
f 50/84/50 49/83/49 51/85/51
f 50/84/50 51/85/51 52/86/52
f 50/84/50 52/86/52 53/87/53
f 50/84/50 53/87/53 45/76/45
f 50/84/50 45/76/45 44/75/44
f 42/88/42 41/89/41 54/90/54
f 42/88/42 54/90/54 55/91/55
f 42/92/42 55/93/55 56/94/56
f 42/92/42 56/94/56 57/95/57
f 42/96/42 57/97/57 58/98/58
f 42/96/42 58/98/58 35/62/35
f 42/96/42 35/62/35 34/61/34
f 46/77/46 45/76/45 53/87/53
f 46/99/46 53/100/53 59/101/59
f 46/99/46 59/101/59 60/102/60
f 46/103/46 60/104/60 61/105/61
f 46/103/46 61/105/61 62/106/62
f 46/79/46 62/107/62 63/108/63
f 46/79/46 63/108/63 47/80/47
f 36/63/36 35/62/35 58/98/58
f 36/63/36 58/98/58 64/109/64
f 36/63/36 64/109/64 65/110/65
f 36/63/36 65/110/65 66/111/66
f 36/112/36 66/113/66 37/65/37
f 52/86/52 51/85/51 67/114/67
f 52/86/52 67/114/67 68/115/68
f 52/116/52 68/117/68 69/118/69
f 52/116/52 69/118/69 59/101/59
f 52/116/52 59/101/59 53/100/53
f 70/119/70 22/33/22 21/32/21
f 70/119/70 21/32/21 71/120/71
f 70/121/70 71/122/71 72/123/72
f 70/124/70 72/125/72 25/43/25
f 70/124/70 25/43/25 23/42/23
f 70/119/70 23/126/23 22/33/22
f 31/127/31 29/128/29 73/129/73
f 31/127/31 73/129/73 74/130/74
f 31/54/31 74/131/74 19/132/19
f 31/54/31 19/132/19 17/55/17
f 74/130/74 73/129/73 75/133/75
f 74/134/74 75/135/75 71/122/71
f 74/136/74 71/120/71 21/32/21
f 74/136/74 21/32/21 19/31/19
f 76/137/76 41/71/41 40/70/40
f 76/137/76 40/70/40 77/138/77
f 76/137/76 77/138/77 78/139/78
f 76/137/76 78/139/78 79/140/79
f 76/137/76 79/140/79 80/141/80
f 76/137/76 80/141/80 41/71/41
f 80/142/80 79/143/79 81/144/81
f 80/142/80 81/144/81 82/145/82
f 80/142/80 82/145/82 54/146/54
f 80/141/80 54/147/54 41/71/41
f 83/148/83 47/149/47 63/150/63
f 83/148/83 63/150/63 84/151/84
f 83/148/83 84/151/84 85/152/85
f 83/148/83 85/152/85 86/153/86
f 83/148/83 86/153/86 87/154/87
f 83/148/83 87/154/87 47/149/47
f 87/154/87 86/153/86 88/155/88
f 87/156/87 88/157/88 89/158/89
f 87/156/87 89/158/89 48/81/48
f 87/156/87 48/81/48 47/80/47
f 90/159/90 40/68/40 38/66/38
f 90/159/90 38/66/38 37/65/37
f 90/159/90 37/65/37 66/113/66
f 90/159/90 66/113/66 91/160/91
f 90/159/90 91/160/91 77/161/77
f 90/159/90 77/161/77 40/68/40
f 92/162/92 48/81/48 89/158/89
f 92/162/92 89/158/89 93/163/93
f 92/164/92 93/165/93 67/114/67
f 92/164/92 67/114/67 51/85/51
f 92/164/92 51/85/51 49/83/49
f 92/164/92 49/83/49 48/166/48
f 57/95/57 56/94/56 94/167/94
f 57/95/57 94/167/94 95/168/95
f 57/95/57 95/168/95 64/169/64
f 57/95/57 64/169/64 58/170/58
f 69/118/69 68/117/68 96/171/96
f 69/118/69 96/171/96 97/172/97
f 69/173/69 97/174/97 60/104/60
f 69/118/69 60/102/60 59/101/59
f 98/175/98 54/146/54 82/145/82
f 98/175/98 82/145/82 99/176/99
f 98/177/98 99/178/99 100/179/100
f 98/180/98 100/181/100 101/182/101
f 98/183/98 101/184/101 55/185/55
f 98/186/98 55/91/55 54/90/54
f 102/187/102 63/188/63 62/189/62
f 102/190/102 62/191/62 103/192/103
f 102/193/102 103/194/103 104/195/104
f 102/193/102 104/195/104 105/196/105
f 102/197/102 105/198/105 84/199/84
f 102/197/102 84/199/84 63/200/63
f 91/201/91 66/111/66 65/110/65
f 91/201/91 65/110/65 106/202/106
f 91/203/91 106/204/106 107/205/107
f 91/203/91 107/205/107 108/206/108
f 91/207/91 108/208/108 109/209/109
f 91/210/91 109/211/109 78/139/78
f 91/210/91 78/139/78 77/138/77
f 93/163/93 89/158/89 88/157/88
f 93/212/93 88/155/88 110/213/110
f 93/214/93 110/215/110 111/216/111
f 93/214/93 111/216/111 112/217/112
f 93/218/93 112/219/112 113/220/113
f 93/221/93 113/222/113 68/117/68
f 93/165/93 68/115/68 67/114/67
f 114/223/114 65/110/65 64/109/64
f 114/224/114 64/169/64 95/168/95
f 114/224/114 95/168/95 115/225/115
f 114/224/114 115/225/115 106/226/106
f 114/223/114 106/202/106 65/110/65
f 113/220/113 112/219/112 116/227/116
f 113/220/113 116/227/116 117/228/117
f 113/229/113 117/230/117 118/231/118
f 113/232/113 118/233/118 119/234/119
f 113/232/113 119/234/119 96/235/96
f 113/222/113 96/171/96 68/117/68
f 120/236/120 60/104/60 97/174/97
f 120/236/120 97/174/97 121/237/121
f 120/238/120 121/239/121 122/240/122
f 120/238/120 122/240/122 61/241/61
f 120/236/120 61/105/61 60/104/60
f 123/242/123 95/168/95 94/167/94
f 123/243/123 94/244/94 124/245/124
f 123/243/123 124/245/124 125/246/125
f 123/243/123 125/246/125 126/247/126
f 123/242/123 126/248/126 115/225/115
f 123/242/123 115/225/115 95/168/95
f 119/249/119 118/250/118 127/251/127
f 119/234/119 127/252/127 121/237/121
f 119/234/119 121/237/121 97/174/97
f 119/234/119 97/174/97 96/235/96
f 128/253/128 81/144/81 79/143/79
f 128/253/128 79/143/79 109/254/109
f 128/253/128 109/254/109 129/255/129
f 128/253/128 129/255/129 130/256/130
f 128/253/128 130/256/130 81/144/81
f 99/176/99 82/145/82 81/144/81
f 99/176/99 81/144/81 130/256/130
f 99/176/99 130/256/130 131/257/131
f 99/258/99 131/259/131 100/181/100
f 105/196/105 104/195/104 132/260/132
f 105/196/105 132/260/132 133/261/133
f 105/198/105 133/262/133 85/263/85
f 105/198/105 85/263/85 84/199/84
f 134/264/134 85/263/85 133/262/133
f 134/264/134 133/262/133 135/265/135
f 134/264/134 135/265/135 110/266/110
f 134/267/134 110/213/110 86/153/86
f 134/267/134 86/153/86 85/152/85
f 109/254/109 79/143/79 78/268/78
f 110/213/110 88/155/88 86/153/86
f 136/269/136 115/225/115 126/248/126
f 136/270/136 126/247/126 125/246/125
f 136/270/136 125/246/125 137/271/137
f 136/272/136 137/273/137 138/274/138
f 136/275/136 138/276/138 106/277/106
f 136/269/136 106/226/106 115/225/115
f 139/278/139 56/279/56 55/280/55
f 139/278/139 55/280/55 140/281/140
f 139/282/139 140/283/140 141/284/141
f 139/278/139 141/285/141 124/245/124
f 139/278/139 124/245/124 56/279/56
f 124/245/124 94/244/94 56/279/56
f 62/286/62 61/241/61 142/287/142
f 62/286/62 142/287/142 143/288/143
f 62/289/62 143/290/143 144/291/144
f 62/292/62 144/293/144 145/294/145
f 62/295/62 145/296/145 146/297/146
f 62/295/62 146/297/146 103/298/103
f 122/240/122 121/239/121 147/299/147
f 122/240/122 147/299/147 148/300/148
f 122/301/122 148/302/148 149/303/149
f 122/240/122 149/304/149 142/287/142
f 122/240/122 142/287/142 61/241/61
f 147/299/147 121/239/121 127/251/127
f 147/299/147 127/251/127 118/250/118
f 147/299/147 118/250/118 150/305/150
f 147/306/147 150/307/150 148/302/148
f 143/308/143 142/309/142 149/303/149
f 143/308/143 149/303/149 151/310/151
f 143/308/143 151/310/151 152/311/152
f 143/312/143 152/313/152 153/314/153
f 143/312/143 153/314/153 144/315/144
f 154/316/154 124/245/124 141/285/141
f 154/317/154 141/284/141 155/318/155
f 154/317/154 155/318/155 156/319/156
f 154/317/154 156/319/156 137/273/137
f 154/316/154 137/271/137 125/246/125
f 154/316/154 125/246/125 124/245/124
f 101/182/101 100/181/100 157/320/157
f 101/182/101 157/320/157 158/321/158
f 101/322/101 158/323/158 159/324/159
f 101/325/101 159/326/159 160/327/160
f 101/328/101 160/329/160 161/330/161
f 101/331/101 161/332/161 162/333/162
f 101/334/101 162/335/162 55/336/55
f 131/259/131 130/337/130 163/338/163
f 131/259/131 163/338/163 164/339/164
f 131/259/131 164/339/164 165/340/165
f 131/259/131 165/340/165 157/320/157
f 131/259/131 157/320/157 100/181/100
f 166/341/166 104/342/104 103/343/103
f 166/341/166 103/343/103 167/344/167
f 166/341/166 167/344/167 168/345/168
f 166/341/166 168/345/168 132/346/132
f 166/341/166 132/346/132 104/342/104
f 129/347/129 109/209/109 108/208/108
f 129/348/129 108/349/108 163/338/163
f 129/350/129 163/351/163 130/352/130
f 169/353/169 133/261/133 132/260/132
f 169/354/169 132/346/132 170/355/170
f 169/353/169 170/356/170 111/357/111
f 169/353/169 111/357/111 135/358/135
f 169/353/169 135/358/135 133/261/133
f 111/359/111 110/266/110 135/265/135
f 140/360/140 55/361/55 171/362/171
f 140/363/140 171/364/171 172/365/172
f 140/366/140 172/367/172 173/368/173
f 140/366/140 173/368/173 155/369/155
f 140/283/140 155/318/155 141/284/141
f 151/310/151 149/303/149 148/302/148
f 151/310/151 148/302/148 174/370/174
f 151/310/151 174/370/174 175/371/175
f 151/372/151 175/373/175 152/313/152
f 174/370/174 148/302/148 150/307/150
f 174/370/174 150/307/150 117/374/117
f 174/375/174 117/376/117 176/377/176
f 174/375/174 176/377/176 175/373/175
f 177/378/177 165/340/165 164/339/164
f 177/378/177 164/339/164 178/379/178
f 177/380/177 178/381/178 179/382/179
f 177/383/177 179/384/179 180/385/180
f 177/386/177 180/387/180 158/388/158
f 177/378/177 158/321/158 165/340/165
f 158/321/158 157/320/157 165/340/165
f 181/389/181 168/345/168 167/344/167
f 181/390/181 167/391/167 182/392/182
f 181/393/181 182/394/182 183/395/183
f 181/396/181 183/397/183 184/398/184
f 181/389/181 184/399/184 170/355/170
f 181/389/181 170/355/170 168/345/168
f 170/355/170 132/346/132 168/345/168
f 117/374/117 150/307/150 118/400/118
f 138/274/138 137/273/137 156/319/156
f 138/401/138 156/402/156 185/403/185
f 138/401/138 185/403/185 186/404/186
f 138/405/138 186/406/186 187/407/187
f 138/408/138 187/409/187 188/410/188
f 138/411/138 188/412/188 106/413/106
f 189/414/189 155/369/155 173/368/173
f 189/414/189 173/368/173 190/415/190
f 189/414/189 190/415/190 191/416/191
f 189/414/189 191/416/191 185/403/185
f 189/414/189 185/403/185 156/402/156
f 189/414/189 156/402/156 155/369/155
f 190/415/190 173/368/173 172/367/172
f 190/417/190 172/365/172 192/418/192
f 190/417/190 192/418/192 193/419/193
f 190/417/190 193/419/193 191/420/191
f 194/421/194 152/313/152 175/373/175
f 194/421/194 175/373/175 195/422/195
f 194/421/194 195/422/195 196/423/196
f 194/424/194 196/425/196 197/426/197
f 194/421/194 197/427/197 153/314/153
f 194/421/194 153/314/153 152/313/152
f 159/428/159 158/429/158 180/385/180
f 159/428/159 180/385/180 198/430/198
f 159/428/159 198/430/198 199/431/199
f 159/432/159 199/433/199 160/434/160
f 200/435/159 103/436/103 201/437/200
f 200/435/159 201/437/200 202/438/201
f 200/435/159 202/438/201 203/439/202
f 200/440/159 203/441/202 182/442/182
f 200/440/159 182/442/182 167/443/167
f 200/444/159 167/445/167 103/446/103
f 204/447/203 103/448/103 146/449/146
f 204/450/203 146/451/146 205/452/204
f 204/450/203 205/452/204 206/453/205
f 204/450/203 206/453/205 207/454/206
f 204/447/203 207/455/206 208/456/207
f 204/447/203 208/456/207 201/457/200
f 204/447/203 201/457/200 103/448/103
f 108/458/108 107/459/107 209/460/208
f 108/458/108 209/460/208 210/461/209
f 108/462/108 210/463/209 211/464/210
f 108/465/108 211/466/210 212/467/211
f 108/468/108 212/469/211 213/470/212
f 108/471/108 213/472/212 179/382/179
f 108/471/108 179/382/179 178/381/178
f 108/349/108 178/379/178 164/339/164
f 108/349/108 164/339/164 163/338/163
f 111/473/111 170/355/170 184/399/184
f 111/474/111 184/398/184 183/397/183
f 111/474/111 183/397/183 214/475/213
f 111/476/111 214/477/213 215/478/214
f 111/479/111 215/480/214 216/481/215
f 111/479/111 216/481/215 217/482/216
f 111/483/111 217/484/216 218/485/217
f 111/483/111 218/485/217 112/486/112
f 171/487/171 55/488/55 219/489/218
f 171/487/171 219/489/218 220/490/219
f 171/487/171 220/490/219 221/491/220
f 171/487/171 221/491/220 192/492/192
f 171/364/171 192/418/192 172/365/172
f 144/493/144 153/494/153 197/426/197
f 144/493/144 197/426/197 222/495/221
f 144/496/144 222/497/221 223/498/222
f 144/293/144 223/499/222 145/294/145
f 176/500/176 117/501/117 224/502/223
f 176/377/176 224/503/223 195/422/195
f 176/377/176 195/422/195 175/373/175
f 225/504/224 198/430/198 180/385/180
f 225/504/224 180/385/180 179/384/179
f 225/504/224 179/384/179 213/505/212
f 225/506/224 213/507/212 226/508/225
f 225/506/224 226/508/225 198/509/198
f 227/510/226 198/509/198 226/508/225
f 227/510/226 226/508/225 228/511/227
f 227/510/226 228/511/227 229/512/228
f 227/510/226 229/512/228 199/433/199
f 227/510/226 199/433/199 198/509/198
f 229/513/228 228/514/227 230/515/229
f 229/513/228 230/515/229 231/516/230
f 229/513/228 231/516/230 160/517/160
f 229/512/228 160/434/160 199/433/199
f 232/518/231 202/438/201 201/437/200
f 232/519/231 201/457/200 208/456/207
f 232/519/231 208/456/207 233/520/232
f 232/519/231 233/520/232 234/521/233
f 232/518/231 234/522/233 235/523/234
f 232/518/231 235/523/234 202/438/201
f 203/439/202 202/438/201 235/523/234
f 203/439/202 235/523/234 236/524/235
f 203/439/202 236/524/235 237/525/236
f 203/526/202 237/527/236 182/394/182
f 237/525/236 236/524/235 214/528/213
f 237/525/236 214/528/213 183/529/183
f 237/527/236 183/395/183 182/394/182
f 186/404/186 185/403/185 191/416/191
f 186/406/186 191/420/191 193/419/193
f 186/406/186 193/419/193 187/407/187
f 196/423/196 195/422/195 224/503/223
f 196/425/196 224/530/223 238/531/237
f 196/425/196 238/531/237 239/532/238
f 196/425/196 239/532/238 222/495/221
f 196/425/196 222/495/221 197/426/197
f 234/521/233 233/520/232 240/533/239
f 234/521/233 240/533/239 241/534/240
f 234/521/233 241/534/240 236/535/235
f 234/522/233 236/524/235 235/523/234
f 231/516/230 230/515/229 242/536/241
f 231/537/230 242/538/241 243/539/242
f 231/516/230 243/540/242 161/541/161
f 231/516/230 161/541/161 160/517/160
f 162/542/162 161/543/161 244/544/243
f 162/542/162 244/544/243 245/545/244
f 162/546/162 245/547/244 246/548/245
f 162/549/162 246/550/245 247/551/246
f 162/549/162 247/551/246 248/552/247
f 162/553/162 248/554/247 249/555/248
f 162/553/162 249/555/248 219/556/218
f 162/557/162 219/558/218 55/559/55
f 238/560/237 224/502/223 117/501/117
f 238/561/237 117/562/117 116/563/116
f 238/564/237 116/565/116 250/566/249
f 238/567/237 250/568/249 251/569/250
f 238/531/237 251/570/250 239/532/238
f 252/571/251 228/511/227 226/508/225
f 252/571/251 226/508/225 213/507/212
f 252/572/251 213/470/212 253/573/252
f 252/572/251 253/573/252 228/514/227
f 253/573/252 213/470/212 212/469/211
f 253/573/252 212/469/211 230/515/229
f 253/573/252 230/515/229 228/514/227
f 214/528/213 236/524/235 241/574/240
f 214/477/213 241/534/240 240/533/239
f 214/477/213 240/533/239 215/478/214
f 188/410/188 187/409/187 254/575/253
f 188/576/188 254/577/253 255/578/254
f 188/579/188 255/580/254 107/459/107
f 188/581/188 107/582/107 106/583/106
f 221/584/220 220/585/219 256/586/255
f 221/584/220 256/586/255 257/587/256
f 221/491/220 257/588/256 193/589/193
f 221/491/220 193/589/193 192/492/192
f 258/590/257 71/122/71 75/135/75
f 258/591/257 75/592/75 259/593/258
f 258/591/257 259/593/258 260/594/259
f 258/591/257 260/594/259 261/595/260
f 258/590/257 261/596/260 72/123/72
f 258/590/257 72/123/72 71/122/71
f 257/587/256 256/586/255 262/597/261
f 257/587/256 262/597/261 263/598/262
f 257/587/256 263/598/262 187/599/187
f 257/588/256 187/600/187 193/589/193
f 264/601/263 26/44/26 25/43/25
f 264/601/263 25/43/25 72/125/72
f 264/601/263 72/125/72 261/602/260
f 264/603/263 261/604/260 265/605/264
f 264/603/263 265/605/264 266/606/265
f 264/601/263 266/607/265 26/44/26
f 267/608/266 26/44/26 266/607/265
f 267/609/266 266/606/265 268/610/267
f 267/611/266 268/612/267 269/613/268
f 267/614/266 269/615/268 270/616/269
f 267/614/266 270/616/269 27/617/27
f 267/608/266 27/45/27 26/44/26
f 270/616/269 269/615/268 271/618/270
f 270/616/269 271/618/270 73/129/73
f 270/616/269 73/129/73 29/128/29
f 270/616/269 29/128/29 27/617/27
f 207/454/206 206/453/205 272/619/271
f 207/454/206 272/619/271 215/620/214
f 207/455/206 215/478/214 233/520/232
f 207/455/206 233/520/232 208/456/207
f 215/478/214 240/533/239 233/520/232
f 273/621/272 222/497/221 239/622/238
f 273/621/272 239/622/238 274/623/273
f 273/621/272 274/623/273 275/624/274
f 273/621/272 275/624/274 276/625/275
f 273/621/272 276/625/275 223/498/222
f 273/621/272 223/498/222 222/497/221
f 254/626/253 187/599/187 263/598/262
f 254/626/253 263/598/262 262/597/261
f 254/626/253 262/597/261 277/627/276
f 254/628/253 277/629/276 278/630/277
f 254/631/253 278/632/277 255/633/254
f 212/467/211 211/466/210 279/634/278
f 212/635/211 279/636/278 280/637/279
f 212/635/211 280/637/279 242/638/241
f 212/635/211 242/638/241 230/639/229
f 274/623/273 239/622/238 251/569/250
f 274/623/273 251/569/250 250/568/249
f 274/623/273 250/568/249 281/640/280
f 274/623/273 281/640/280 275/624/274
f 244/641/243 161/642/161 243/539/242
f 244/641/243 243/539/242 282/643/281
f 244/641/243 282/643/281 283/644/282
f 244/641/243 283/644/282 245/645/244
f 282/643/281 243/539/242 242/538/241
f 282/646/281 242/638/241 280/637/279
f 282/646/281 280/637/279 284/647/283
f 282/648/281 284/649/283 283/650/282
f 285/651/284 220/652/219 286/653/285
f 285/651/284 286/653/285 287/654/286
f 285/651/284 287/654/286 288/655/287
f 285/656/284 288/657/287 256/586/255
f 285/656/284 256/586/255 220/585/219
f 219/556/218 249/555/248 289/658/288
f 219/659/218 289/660/288 290/661/289
f 219/662/218 290/663/289 286/664/285
f 219/662/218 286/664/285 220/665/219
f 291/666/290 223/498/222 276/625/275
f 291/667/290 276/668/275 292/669/291
f 291/667/290 292/669/291 293/670/292
f 291/667/290 293/670/292 294/671/293
f 291/672/290 294/673/293 145/674/145
f 291/672/290 145/674/145 223/675/222
f 288/655/287 287/654/286 277/629/276
f 288/657/287 277/627/276 262/597/261
f 288/657/287 262/597/261 256/586/255
f 295/676/294 206/453/205 205/452/204
f 295/676/294 205/452/204 296/677/295
f 295/676/294 296/677/295 297/678/296
f 295/676/294 297/678/296 298/679/297
f 295/676/294 298/679/297 206/453/205
f 298/679/297 297/678/296 299/680/298
f 298/679/297 299/680/298 300/681/299
f 298/679/297 300/681/299 272/619/271
f 298/679/297 272/619/271 206/453/205
f 300/681/299 299/680/298 216/682/215
f 300/681/299 216/682/215 215/620/214
f 300/681/299 215/620/214 272/619/271
f 292/683/291 276/625/275 275/624/274
f 292/683/291 275/624/274 281/640/280
f 292/669/291 281/684/280 301/685/300
f 292/669/291 301/685/300 302/686/301
f 292/669/291 302/686/301 293/670/292
f 146/687/146 145/688/145 303/689/302
f 146/687/146 303/689/302 304/690/303
f 146/691/146 304/692/303 305/693/304
f 146/694/146 305/695/304 306/696/305
f 146/697/146 306/698/305 296/699/295
f 146/451/146 296/677/295 205/452/204
f 307/700/306 286/653/285 290/701/289
f 307/702/306 290/703/289 308/704/307
f 307/700/306 308/705/307 309/706/308
f 307/700/306 309/706/308 287/654/286
f 307/700/306 287/654/286 286/653/285
f 301/707/300 281/640/280 250/568/249
f 301/708/300 250/709/249 310/710/309
f 301/708/300 310/710/309 311/711/310
f 301/685/300 311/712/310 302/686/301
f 310/713/309 250/714/249 116/715/116
f 310/716/309 116/717/116 112/486/112
f 310/716/309 112/486/112 218/485/217
f 310/716/309 218/485/217 312/718/311
f 310/716/309 312/718/311 313/719/312
f 310/720/309 313/721/312 311/722/310
f 278/630/277 277/629/276 287/654/286
f 278/630/277 287/654/286 309/706/308
f 278/630/277 309/706/308 314/723/313
f 278/632/277 314/724/313 255/633/254
f 279/725/278 211/726/210 315/727/314
f 279/725/278 315/727/314 316/728/315
f 279/636/278 316/729/315 284/647/283
f 279/636/278 284/647/283 280/637/279
f 317/730/316 284/731/283 316/728/315
f 317/730/316 316/728/315 318/732/317
f 317/730/316 318/732/317 319/733/318
f 317/730/316 319/733/318 245/547/244
f 317/730/316 245/547/244 283/734/282
f 317/735/316 283/650/282 284/649/283
f 320/736/319 293/670/292 302/686/301
f 320/736/319 302/686/301 311/712/310
f 320/737/319 311/738/310 321/739/320
f 320/737/319 321/739/320 322/740/321
f 320/737/319 322/740/321 294/741/293
f 320/736/319 294/671/293 293/670/292
f 323/742/322 297/743/296 296/699/295
f 323/742/322 296/699/295 306/698/305
f 323/742/322 306/698/305 324/744/323
f 323/742/322 324/744/323 325/745/324
f 323/742/322 325/745/324 297/743/296
f 325/745/324 324/744/323 326/746/325
f 325/745/324 326/746/325 327/747/326
f 325/745/324 327/747/326 299/748/298
f 325/745/324 299/748/298 297/743/296
f 246/548/245 245/547/244 319/733/318
f 246/548/245 319/733/318 328/749/327
f 246/548/245 328/749/327 329/750/328
f 246/751/245 329/752/328 247/753/246
f 271/754/270 269/755/268 330/756/329
f 271/754/270 330/756/329 259/757/258
f 271/618/270 259/758/258 75/133/75
f 271/618/270 75/133/75 73/129/73
f 331/759/330 290/703/289 332/760/331
f 331/759/330 332/760/331 333/761/332
f 331/759/330 333/761/332 334/762/333
f 331/759/330 334/762/333 308/704/307
f 331/759/330 308/704/307 290/703/289
f 289/658/288 249/555/248 335/763/334
f 289/764/288 335/765/334 336/766/335
f 289/767/288 336/768/335 337/769/336
f 289/770/288 337/771/336 332/772/331
f 289/773/288 332/760/331 290/703/289
f 338/774/337 294/741/293 322/740/321
f 338/775/337 322/776/321 339/777/338
f 338/775/337 339/777/338 340/778/339
f 338/779/337 340/780/339 341/781/340
f 338/779/337 341/781/340 342/782/341
f 338/774/337 342/783/341 294/741/293
f 342/784/341 341/785/340 343/786/342
f 342/787/341 343/788/342 344/789/343
f 342/787/341 344/789/343 303/689/302
f 342/787/341 303/689/302 145/688/145
f 342/790/341 145/791/145 294/792/293
f 314/793/313 309/794/308 308/704/307
f 314/793/313 308/704/307 334/762/333
f 314/793/313 334/762/333 345/795/344
f 314/793/313 345/795/344 346/796/345
f 314/793/313 346/796/345 347/797/346
f 314/798/313 347/799/346 255/800/254
f 318/732/317 316/728/315 315/727/314
f 318/732/317 315/727/314 348/801/347
f 318/732/317 348/801/347 328/749/327
f 318/732/317 328/749/327 319/733/318
f 216/802/215 299/748/298 327/747/326
f 216/802/215 327/747/326 326/746/325
f 216/803/215 326/804/325 349/805/348
f 216/803/215 349/805/348 350/806/349
f 216/807/215 350/808/349 351/809/350
f 216/807/215 351/809/350 217/810/216
f 339/777/338 322/776/321 321/811/320
f 339/777/338 321/811/320 352/812/351
f 339/777/338 352/812/351 353/813/352
f 339/777/338 353/813/352 340/778/339
f 354/814/353 266/606/265 265/605/264
f 354/814/353 265/605/264 355/815/354
f 354/814/353 355/815/354 356/816/355
f 354/814/353 356/816/355 268/610/267
f 354/814/353 268/610/267 266/606/265
f 333/761/332 332/760/331 357/817/356
f 333/818/332 357/819/356 358/820/357
f 333/818/332 358/820/357 345/821/344
f 333/761/332 345/795/344 334/762/333
f 311/822/310 313/823/312 359/824/358
f 311/822/310 359/824/358 352/812/351
f 311/822/310 352/812/351 321/811/320
f 360/825/359 306/698/305 305/826/304
f 360/827/359 305/828/304 361/829/360
f 360/827/359 361/829/360 362/830/361
f 360/825/359 362/831/361 363/832/362
f 360/825/359 363/832/362 324/744/323
f 360/825/359 324/744/323 306/698/305
f 211/464/210 210/463/209 364/833/363
f 211/834/210 364/835/363 365/836/364
f 211/837/210 365/838/364 366/839/365
f 211/837/210 366/839/365 348/840/347
f 211/726/210 348/801/347 315/727/314
f 337/841/336 336/842/335 367/843/366
f 337/844/336 367/845/366 368/846/367
f 337/844/336 368/846/367 369/847/368
f 337/844/336 369/847/368 357/819/356
f 337/844/336 357/819/356 332/848/331
f 370/849/369 328/749/327 348/801/347
f 370/850/369 348/851/347 366/852/365
f 370/850/369 366/852/365 371/853/370
f 370/850/369 371/853/370 372/854/371
f 370/850/369 372/854/371 329/855/328
f 370/850/369 329/855/328 328/856/327
f 363/857/362 362/830/361 373/858/372
f 363/857/362 373/858/372 349/859/348
f 363/832/362 349/860/348 326/746/325
f 363/832/362 326/746/325 324/744/323
f 374/861/373 261/595/260 260/594/259
f 374/861/373 260/594/259 375/862/374
f 374/863/373 375/864/374 376/865/375
f 374/866/373 376/867/375 377/868/376
f 374/869/373 377/870/376 355/871/354
f 374/872/373 355/815/354 265/605/264
f 374/872/373 265/605/264 261/604/260
f 375/873/374 260/874/259 259/757/258
f 375/873/374 259/757/258 330/756/329
f 375/873/374 330/756/329 378/875/377
f 375/876/374 378/877/377 379/878/378
f 375/876/374 379/878/378 380/879/379
f 375/880/374 380/881/379 381/882/380
f 375/883/374 381/884/380 376/885/375
f 358/820/357 357/819/356 369/847/368
f 358/820/357 369/847/368 382/886/381
f 358/820/357 382/886/381 346/887/345
f 358/820/357 346/887/345 345/821/344
f 359/888/358 313/889/312 383/890/382
f 359/891/358 383/892/382 384/893/383
f 359/894/358 384/895/383 353/896/352
f 359/824/358 353/813/352 352/812/351
f 385/897/384 329/855/328 372/854/371
f 385/898/384 372/899/371 386/900/385
f 385/898/384 386/900/385 387/901/386
f 385/898/384 387/901/386 247/902/246
f 385/897/384 247/903/246 329/855/328
f 388/904/387 362/830/361 361/829/360
f 388/904/387 361/829/360 389/905/388
f 388/904/387 389/905/388 390/906/389
f 388/904/387 390/906/389 391/907/390
f 388/904/387 391/907/390 373/858/372
f 388/904/387 373/858/372 362/830/361
f 392/908/391 330/756/329 269/755/268
f 392/909/391 269/613/268 268/612/267
f 392/909/391 268/612/267 356/910/355
f 392/909/391 356/910/355 393/911/392
f 392/909/391 393/911/392 394/912/393
f 392/908/391 394/913/393 330/756/329
f 394/914/393 393/915/392 395/916/394
f 394/917/393 395/918/394 396/919/395
f 394/917/393 396/919/395 397/920/396
f 394/917/393 397/920/396 378/921/377
f 394/917/393 378/921/377 330/922/329
f 398/923/397 380/924/379 379/925/378
f 398/923/397 379/925/378 399/926/398
f 398/927/397 399/928/398 400/929/399
f 398/930/397 400/931/399 401/932/400
f 398/930/397 401/932/400 381/933/380
f 398/930/397 381/933/380 380/934/379
f 402/935/401 340/936/339 353/896/352
f 402/935/401 353/896/352 384/895/383
f 402/935/401 384/895/383 403/937/402
f 402/935/401 403/937/402 404/938/403
f 402/935/401 404/938/403 341/939/340
f 402/935/401 341/939/340 340/936/339
f 405/940/404 406/941/2 407/942/3
f 405/940/404 407/942/3 408/943/405
f 405/940/404 408/943/405 409/944/406
f 405/945/404 409/946/406 410/947/407
f 405/945/404 410/947/407 411/948/408
f 405/940/404 411/949/408 406/941/2
f 412/950/409 406/941/2 411/949/408
f 412/950/409 411/949/408 413/951/410
f 412/950/409 413/951/410 414/952/411
f 412/953/409 414/954/411 415/955/412
f 412/950/409 415/956/412 416/957/413
f 412/950/409 416/957/413 406/941/2
f 416/957/413 415/956/412 417/958/414
f 416/957/413 417/958/414 407/942/3
f 416/957/413 407/942/3 406/941/2
f 408/943/405 407/942/3 417/958/414
f 408/943/405 417/958/414 418/959/415
f 408/960/405 418/961/415 419/962/416
f 408/943/405 419/963/416 409/944/406
f 420/964/417 411/948/408 410/947/407
f 420/965/417 410/966/407 421/967/418
f 420/965/417 421/967/418 422/968/419
f 420/965/417 422/968/419 423/969/420
f 420/970/417 423/971/420 413/972/410
f 420/964/417 413/973/410 411/948/408
f 386/900/385 372/899/371 371/974/370
f 386/900/385 371/974/370 424/975/421
f 386/900/385 424/975/421 425/976/422
f 386/900/385 425/976/422 426/977/423
f 386/900/385 426/977/423 387/901/386
f 389/905/388 361/829/360 305/828/304
f 389/905/388 305/828/304 427/978/424
f 389/979/388 427/980/424 428/981/425
f 389/979/388 428/981/425 390/982/389
f 391/983/390 390/984/389 350/985/349
f 391/907/390 350/986/349 349/859/348
f 391/907/390 349/859/348 373/858/372
f 429/987/426 247/902/246 387/901/386
f 429/987/426 387/901/386 426/977/423
f 429/987/426 426/977/423 430/988/427
f 429/989/426 430/990/427 431/991/428
f 429/992/426 431/993/428 248/994/247
f 429/995/426 248/552/247 247/551/246
f 304/690/303 303/689/302 344/789/343
f 304/690/303 344/789/343 432/996/429
f 304/997/303 432/998/429 433/999/430
f 304/997/303 433/999/430 434/1000/431
f 304/692/303 434/1001/431 427/1002/424
f 304/692/303 427/1002/424 305/693/304
f 435/1003/432 346/1004/345 382/1005/381
f 435/1006/432 382/1007/381 436/1008/433
f 435/1009/432 436/1010/433 437/1011/434
f 435/1009/432 437/1011/434 438/1012/435
f 435/1009/432 438/1012/435 439/1013/436
f 435/1014/432 439/1015/436 347/1016/346
f 435/1017/432 347/1018/346 346/1019/345
f 418/959/415 417/958/414 415/956/412
f 418/961/415 415/955/412 440/1020/437
f 418/961/415 440/1020/437 441/1021/438
f 418/961/415 441/1021/438 419/962/416
f 423/969/420 422/968/419 442/1022/439
f 423/969/420 442/1022/439 443/1023/440
f 423/969/420 443/1023/440 444/1024/441
f 423/1025/420 444/1026/441 414/1027/411
f 423/1028/420 414/1029/411 413/1030/410
f 445/1031/442 409/1032/406 419/1033/416
f 445/1034/442 419/1035/416 446/1036/443
f 445/1037/442 446/1038/443 447/1039/444
f 445/1037/442 447/1039/444 448/1040/445
f 445/1037/442 448/1040/445 421/967/418
f 445/1037/442 421/967/418 410/966/407
f 445/1041/442 410/1042/407 409/1043/406
f 424/975/421 371/974/370 366/1044/365
f 424/975/421 366/1044/365 365/1045/364
f 424/975/421 365/1045/364 425/976/422
f 449/1046/446 356/1047/355 355/1048/354
f 449/1049/446 355/1050/354 377/1051/376
f 449/1049/446 377/1051/376 450/1052/447
f 449/1046/446 450/1053/447 451/1054/448
f 449/1046/446 451/1054/448 452/1055/449
f 449/1046/446 452/1055/449 453/1056/450
f 449/1046/446 453/1056/450 356/1047/355
f 393/911/392 356/910/355 453/1057/450
f 393/911/392 453/1057/450 454/1058/451
f 393/911/392 454/1058/451 455/1059/452
f 393/915/392 455/1060/452 395/916/394
f 440/1020/437 415/955/412 414/954/411
f 440/1061/437 414/1062/411 444/1063/441
f 440/1064/437 444/1065/441 456/1066/453
f 440/1067/437 456/1068/453 441/1069/438
f 457/1070/454 341/1071/340 404/1072/403
f 457/1070/454 404/1072/403 458/1073/455
f 457/1070/454 458/1073/455 459/1074/456
f 457/1075/454 459/1076/456 460/1077/457
f 457/1078/454 460/1079/457 461/1080/458
f 457/1081/454 461/1082/458 343/1083/342
f 457/1070/454 343/1084/342 341/1071/340
f 462/1085/459 369/847/368 368/846/367
f 462/1085/459 368/846/367 463/1086/460
f 462/1085/459 463/1086/460 464/1087/461
f 462/1085/459 464/1087/461 436/1088/433
f 462/1085/459 436/1088/433 382/886/381
f 462/1085/459 382/886/381 369/847/368
f 367/843/366 336/842/335 465/1089/462
f 367/843/366 465/1089/462 466/1090/463
f 367/1091/366 466/1092/463 467/1093/464
f 367/1091/366 467/1093/464 463/1094/460
f 367/845/366 463/1086/460 368/846/367
f 403/937/402 384/895/383 468/1095/465
f 403/1096/402 468/1097/465 469/1098/466
f 403/1096/402 469/1098/466 458/1073/455
f 403/1096/402 458/1073/455 404/1072/403
f 470/1099/467 426/977/423 425/976/422
f 470/1099/467 425/976/422 365/1045/364
f 470/1100/467 365/836/364 471/1101/468
f 470/1102/467 471/1103/468 472/1104/469
f 470/1102/467 472/1104/469 430/990/427
f 470/1099/467 430/988/427 426/977/423
f 473/1105/470 390/982/389 428/981/425
f 473/1105/470 428/981/425 474/1106/471
f 473/1107/470 474/1108/471 475/1109/472
f 473/1110/470 475/1111/472 350/985/349
f 473/1110/470 350/985/349 390/984/389
f 434/1112/431 433/1113/430 476/1114/473
f 434/1112/431 476/1114/473 474/1108/471
f 434/1112/431 474/1108/471 428/1115/425
f 434/1116/431 428/981/425 427/980/424
f 383/890/382 313/889/312 477/1117/474
f 383/1118/382 477/1119/474 478/1120/475
f 383/1118/382 478/1120/475 479/1121/476
f 383/1118/382 479/1121/476 468/1097/465
f 383/1122/382 468/1123/465 384/1124/383
f 446/1125/443 419/1126/416 441/1127/438
f 446/1128/443 441/1129/438 480/1130/477
f 446/1128/443 480/1130/477 481/1131/478
f 446/1038/443 481/1132/478 447/1039/444
f 482/1133/479 422/1134/419 421/1135/418
f 482/1133/479 421/1135/418 448/1136/445
f 482/1133/479 448/1136/445 483/1137/480
f 482/1138/479 483/1139/480 484/1140/481
f 482/1133/479 484/1141/481 454/1142/451
f 482/1133/479 454/1142/451 485/1143/482
f 482/1133/479 485/1143/482 422/1134/419
f 485/1143/482 454/1142/451 452/1144/449
f 485/1143/482 452/1144/449 486/1145/483
f 485/1143/482 486/1145/483 487/1146/484
f 485/1143/482 487/1146/484 442/1147/439
f 485/1143/482 442/1147/439 422/1134/419
f 472/1104/469 471/1103/468 488/1148/485
f 472/1104/469 488/1148/485 489/1149/486
f 472/1104/469 489/1149/486 431/991/428
f 472/1104/469 431/991/428 430/990/427
f 490/1150/487 463/1094/460 467/1093/464
f 490/1150/487 467/1093/464 491/1151/488
f 490/1150/487 491/1151/488 492/1152/489
f 490/1150/487 492/1152/489 464/1153/461
f 490/1150/487 464/1153/461 463/1094/460
f 493/1154/490 458/1155/455 469/1156/466
f 493/1154/490 469/1156/466 494/1157/491
f 493/1154/490 494/1157/491 495/1158/492
f 493/1154/490 495/1158/492 459/1076/456
f 493/1154/490 459/1076/456 458/1155/455
f 491/1151/488 467/1093/464 466/1092/463
f 491/1151/488 466/1092/463 496/1159/493
f 491/1151/488 496/1159/493 497/1160/494
f 491/1151/488 497/1160/494 498/1161/495
f 491/1151/488 498/1161/495 492/1152/489
f 495/1158/492 494/1157/491 499/1162/496
f 495/1163/492 499/1164/496 500/1165/497
f 495/1166/492 500/1167/497 501/1168/498
f 495/1158/492 501/1169/498 460/1077/457
f 495/1158/492 460/1077/457 459/1076/456
f 456/1066/453 444/1065/441 502/1170/499
f 456/1066/453 502/1170/499 480/1130/477
f 456/1066/453 480/1130/477 441/1129/438
f 364/833/363 210/463/209 503/1171/500
f 364/833/363 503/1171/500 504/1172/501
f 364/1173/363 504/1174/501 505/1175/502
f 364/1173/363 505/1175/502 506/1176/503
f 364/1177/363 506/1178/503 471/1179/468
f 364/835/363 471/1101/468 365/836/364
f 351/809/350 350/808/349 475/1109/472
f 351/809/350 475/1109/472 507/1180/504
f 351/1181/350 507/1182/504 508/1183/505
f 351/1184/350 508/1185/505 509/1186/506
f 351/1187/350 509/1188/506 510/1189/507
f 351/1190/350 510/1191/507 217/1192/216
f 511/1193/508 377/868/376 376/867/375
f 511/1193/508 376/867/375 512/1194/509
f 511/1195/508 512/1196/509 513/1197/510
f 511/1195/508 513/1197/510 514/1198/511
f 511/1195/508 514/1198/511 515/1199/512
f 511/1193/508 515/1200/512 377/868/376
f 450/1201/447 377/868/376 515/1200/512
f 450/1202/447 515/1199/512 516/1203/513
f 450/1202/447 516/1203/513 517/1204/514
f 450/1205/447 517/1206/514 518/1207/515
f 450/1208/447 518/1209/515 519/1210/516
f 450/1053/447 519/1211/516 451/1054/448
f 520/1212/517 376/1213/375 381/1214/380
f 520/1215/517 381/1216/380 521/1217/518
f 520/1218/517 521/1219/518 522/1220/519
f 520/1218/517 522/1220/519 465/1221/462
f 520/1218/517 465/1221/462 336/1222/335
f 520/1223/517 336/766/335 512/1224/509
f 520/1225/517 512/1194/509 376/867/375
f 523/1226/520 378/921/377 397/920/396
f 523/1227/520 397/1228/396 524/1229/521
f 523/1230/520 524/1231/521 344/1232/343
f 523/1233/520 344/1234/343 343/1235/342
f 523/1233/520 343/1235/342 525/1236/522
f 523/1233/520 525/1236/522 378/877/377
f 525/1237/522 343/1083/342 461/1082/458
f 525/1237/522 461/1082/458 526/1238/523
f 525/1237/522 526/1238/523 527/1239/524
f 525/1240/522 527/1241/524 379/1242/378
f 525/1236/522 379/878/378 378/877/377
f 492/1152/489 498/1161/495 528/1243/525
f 492/1152/489 528/1243/525 437/1244/434
f 492/1152/489 437/1244/434 436/1245/433
f 492/1152/489 436/1245/433 464/1153/461
f 494/1246/491 469/1098/466 468/1097/465
f 494/1246/491 468/1097/465 479/1121/476
f 494/1246/491 479/1121/476 529/1247/526
f 494/1157/491 529/1248/526 499/1162/496
f 530/1249/527 381/933/380 401/932/400
f 530/1249/527 401/932/400 531/1250/528
f 530/1249/527 531/1250/528 532/1251/529
f 530/1252/527 532/1253/529 521/1217/518
f 530/1252/527 521/1217/518 381/1216/380
f 533/1254/530 379/1242/378 527/1241/524
f 533/1254/530 527/1241/524 534/1255/531
f 533/1256/530 534/1257/531 535/1258/532
f 533/1256/530 535/1258/532 399/926/398
f 533/1256/530 399/926/398 379/925/378
f 536/1259/533 466/1260/463 465/1261/462
f 536/1259/533 465/1261/462 522/1262/519
f 536/1259/533 522/1262/519 537/1263/534
f 536/1264/533 537/1265/534 538/1266/535
f 536/1267/533 538/1268/535 539/1269/536
f 536/1267/533 539/1269/536 496/1270/493
f 536/1271/533 496/1159/493 466/1092/463
f 540/1272/537 460/1273/457 501/1274/498
f 540/1275/537 501/1168/498 541/1276/538
f 540/1275/537 541/1276/538 542/1277/539
f 540/1275/537 542/1277/539 543/1278/540
f 540/1279/537 543/1280/540 526/1281/523
f 540/1282/537 526/1283/523 461/1284/458
f 540/1272/537 461/1285/458 460/1273/457
f 544/1286/541 400/929/399 399/928/398
f 544/1286/541 399/928/398 545/1287/542
f 544/1288/541 545/1289/542 546/1290/543
f 544/1288/541 546/1290/543 547/1291/544
f 544/1288/541 547/1291/544 548/1292/545
f 544/1293/541 548/1294/545 401/932/400
f 544/1293/541 401/932/400 400/931/399
f 549/1295/546 442/1296/439 487/1297/484
f 549/1298/546 487/1146/484 550/1299/547
f 549/1300/546 550/1301/547 551/1302/548
f 549/1303/546 551/1304/548 552/1305/549
f 549/1306/546 552/1307/549 553/1308/550
f 549/1306/546 553/1308/550 502/1309/499
f 549/1306/546 502/1309/499 443/1310/440
f 549/1295/546 443/1311/440 442/1296/439
f 554/1312/551 448/1313/445 447/1314/444
f 554/1315/551 447/1316/444 481/1317/478
f 554/1315/551 481/1317/478 555/1318/552
f 554/1315/551 555/1318/552 556/1319/553
f 554/1320/551 556/1321/553 557/1322/554
f 554/1323/551 557/1324/554 558/1325/555
f 554/1326/551 558/1327/555 483/1139/480
f 554/1312/551 483/1328/480 448/1313/445
f 514/1198/511 513/1197/510 559/1329/556
f 514/1198/511 559/1329/556 560/1330/557
f 514/1198/511 560/1330/557 516/1203/513
f 514/1198/511 516/1203/513 515/1199/512
f 561/1331/558 396/919/395 562/1332/559
f 561/1333/558 562/1334/559 563/1335/560
f 561/1336/558 563/1337/560 564/1338/561
f 561/1336/558 564/1338/561 524/1339/521
f 561/1340/558 524/1229/521 397/1228/396
f 561/1331/558 397/920/396 396/919/395
f 395/916/394 455/1060/452 565/1341/562
f 395/916/394 565/1341/562 566/1342/563
f 395/1343/394 566/1344/563 567/1345/564
f 395/918/394 567/1346/564 562/1332/559
f 395/918/394 562/1332/559 396/919/395
f 568/1347/565 431/991/428 489/1149/486
f 568/1348/565 489/1349/486 569/1350/566
f 568/1348/565 569/1350/566 570/1351/567
f 568/1352/565 570/1353/567 571/1354/568
f 568/1352/565 571/1354/568 572/1355/569
f 568/1356/565 572/1357/569 248/1358/247
f 568/1356/565 248/1358/247 431/1359/428
f 335/763/334 249/555/248 248/554/247
f 335/763/334 248/554/247 572/1360/569
f 335/763/334 572/1360/569 573/1361/570
f 335/1362/334 573/1363/570 513/1364/510
f 335/1365/334 513/1197/510 512/1196/509
f 335/765/334 512/1224/509 336/766/335
f 574/1366/571 513/1364/510 573/1363/570
f 574/1367/571 573/1368/570 575/1369/572
f 574/1370/571 575/1371/572 576/1372/573
f 574/1366/571 576/1373/573 559/1374/556
f 574/1366/571 559/1374/556 513/1364/510
f 577/1375/574 524/1339/521 564/1338/561
f 577/1375/574 564/1338/561 578/1376/575
f 577/1377/574 578/1378/575 579/1379/576
f 577/1380/574 579/1381/576 580/1382/577
f 577/1383/574 580/1384/577 524/1385/521
f 580/1382/577 579/1381/576 581/1386/578
f 580/1382/577 581/1386/578 432/1387/429
f 580/1384/577 432/996/429 344/789/343
f 580/1384/577 344/789/343 524/1385/521
f 528/1243/525 498/1161/495 497/1160/494
f 528/1388/525 497/1389/494 539/1269/536
f 528/1388/525 539/1269/536 582/1390/579
f 528/1388/525 582/1390/579 583/1391/580
f 528/1392/525 583/1393/580 437/1011/434
f 529/1394/526 479/1395/476 584/1396/581
f 529/1397/526 584/1398/581 585/1399/582
f 529/1397/526 585/1399/582 541/1276/538
f 529/1397/526 541/1276/538 500/1167/497
f 529/1397/526 500/1167/497 499/1400/496
f 539/1269/536 497/1389/494 496/1270/493
f 541/1276/538 501/1168/498 500/1167/497
f 586/1401/583 548/1294/545 547/1402/544
f 586/1403/583 547/1404/544 587/1405/584
f 586/1406/583 587/1407/584 588/1408/585
f 586/1409/583 588/1410/585 589/1411/586
f 586/1409/583 589/1411/586 531/1412/528
f 586/1401/583 531/1250/528 401/932/400
f 586/1401/583 401/932/400 548/1294/545
f 590/1413/587 474/1108/471 476/1114/473
f 590/1413/587 476/1114/473 591/1414/588
f 590/1413/587 591/1414/588 592/1415/589
f 590/1413/587 592/1415/589 507/1180/504
f 590/1413/587 507/1180/504 475/1109/472
f 590/1413/587 475/1109/472 474/1108/471
f 593/1416/590 559/1374/556 576/1373/573
f 593/1416/590 576/1373/573 594/1417/591
f 593/1416/590 594/1417/591 595/1418/592
f 593/1419/590 595/1420/592 560/1330/557
f 593/1419/590 560/1330/557 559/1329/556
f 596/1421/593 564/1338/561 563/1337/560
f 596/1421/593 563/1337/560 597/1422/594
f 596/1421/593 597/1422/594 598/1423/595
f 596/1421/593 598/1423/595 578/1376/575
f 596/1421/593 578/1376/575 564/1338/561
f 517/1204/514 516/1203/513 560/1330/557
f 517/1204/514 560/1330/557 595/1420/592
f 517/1204/514 595/1420/592 599/1424/596
f 517/1204/514 599/1424/596 600/1425/597
f 517/1206/514 600/1426/597 601/1427/598
f 517/1206/514 601/1427/598 518/1207/515
f 567/1428/564 566/1342/563 602/1429/599
f 567/1430/564 602/1431/599 603/1432/600
f 567/1430/564 603/1432/600 604/1433/601
f 567/1430/564 604/1433/601 597/1434/594
f 567/1430/564 597/1434/594 563/1335/560
f 567/1430/564 563/1335/560 562/1334/559
f 605/1435/602 522/1436/519 521/1217/518
f 605/1435/602 521/1217/518 532/1253/529
f 605/1437/602 532/1438/529 606/1439/603
f 605/1435/602 606/1440/603 607/1441/604
f 605/1435/602 607/1441/604 537/1442/534
f 605/1435/602 537/1442/534 522/1436/519
f 608/1443/605 526/1281/523 543/1280/540
f 608/1443/605 543/1280/540 609/1444/606
f 608/1443/605 609/1444/606 610/1445/607
f 608/1446/605 610/1447/607 534/1257/531
f 608/1448/605 534/1449/531 527/1450/524
f 608/1451/605 527/1452/524 526/1453/523
f 535/1258/532 534/1257/531 611/1454/608
f 535/1258/532 611/1454/608 612/1455/609
f 535/1456/532 612/1457/609 613/1458/610
f 535/1459/532 613/1460/610 545/1461/542
f 535/1462/532 545/1287/542 399/928/398
f 488/1148/485 471/1103/468 506/1463/503
f 488/1464/485 506/1465/503 614/1466/611
f 488/1464/485 614/1466/611 569/1350/566
f 488/1148/485 569/1467/566 489/1149/486
f 433/1468/430 432/1469/429 615/1470/612
f 433/1471/430 615/1472/612 616/1473/613
f 433/1471/430 616/1473/613 591/1474/588
f 433/1471/430 591/1474/588 476/1475/473
f 255/580/254 347/1476/346 617/1477/614
f 255/580/254 617/1477/614 209/460/208
f 255/580/254 209/460/208 107/459/107
f 618/1478/615 539/1269/536 538/1268/535
f 618/1479/615 538/1266/535 619/1480/616
f 618/1479/615 619/1480/616 620/1481/617
f 618/1479/615 620/1481/617 582/1482/579
f 618/1478/615 582/1390/579 539/1269/536
f 621/1483/618 541/1276/538 585/1399/582
f 621/1484/618 585/1485/582 622/1486/619
f 621/1484/618 622/1486/619 623/1487/620
f 621/1484/618 623/1487/620 542/1488/539
f 621/1483/618 542/1277/539 541/1276/538
f 619/1480/616 538/1266/535 537/1265/534
f 619/1480/616 537/1265/534 607/1489/604
f 619/1480/616 607/1489/604 624/1490/621
f 619/1480/616 624/1490/621 620/1481/617
f 623/1487/620 622/1486/619 625/1491/622
f 623/1487/620 625/1491/622 609/1444/606
f 623/1487/620 609/1444/606 543/1280/540
f 623/1487/620 543/1280/540 542/1488/539
f 626/1492/623 547/1291/544 546/1290/543
f 626/1492/623 546/1290/543 627/1493/624
f 626/1494/623 627/1495/624 628/1496/625
f 626/1494/623 628/1496/625 629/1497/626
f 626/1494/623 629/1497/626 630/1498/627
f 626/1492/623 630/1499/627 547/1291/544
f 587/1405/584 547/1404/544 630/1500/627
f 587/1405/584 630/1500/627 631/1501/628
f 587/1405/584 631/1501/628 632/1502/629
f 587/1405/584 632/1502/629 633/1503/630
f 587/1405/584 633/1503/630 588/1504/585
f 627/1505/624 546/1506/543 545/1461/542
f 627/1505/624 545/1461/542 634/1507/631
f 627/1508/624 634/1509/631 635/1510/632
f 627/1495/624 635/1511/632 636/1512/633
f 627/1495/624 636/1512/633 628/1496/625
f 637/1513/634 573/1368/570 572/1514/569
f 637/1513/634 572/1514/569 571/1515/568
f 637/1513/634 571/1515/568 638/1516/635
f 637/1513/634 638/1516/635 575/1369/572
f 637/1513/634 575/1369/572 573/1368/570
f 639/1517/636 576/1518/573 575/1519/572
f 639/1520/636 575/1369/572 638/1516/635
f 639/1520/636 638/1516/635 640/1521/637
f 639/1520/636 640/1521/637 641/1522/638
f 639/1523/636 641/1524/638 594/1525/591
f 639/1526/636 594/1417/591 576/1373/573
f 642/1527/639 578/1528/575 598/1529/595
f 642/1530/639 598/1531/595 643/1532/640
f 642/1533/639 643/1534/640 644/1535/641
f 642/1533/639 644/1535/641 645/1536/642
f 642/1533/639 645/1536/642 579/1381/576
f 642/1537/639 579/1538/576 578/1539/575
f 550/1299/547 487/1146/484 486/1145/483
f 550/1299/547 486/1145/483 646/1540/643
f 550/1541/547 646/1542/643 647/1543/644
f 550/1541/547 647/1543/644 648/1544/645
f 550/1545/547 648/1546/645 551/1547/548
f 558/1548/555 557/1549/554 649/1550/646
f 558/1551/555 649/1552/646 650/1553/647
f 558/1551/555 650/1553/647 651/1554/648
f 558/1555/555 651/1556/648 484/1557/481
f 558/1327/555 484/1140/481 483/1139/480
f 452/1144/449 454/1142/451 453/1558/450
f 615/1470/612 432/1469/429 581/1559/578
f 615/1560/612 581/1386/578 645/1536/642
f 615/1561/612 645/1562/642 652/1563/649
f 615/1561/612 652/1563/649 616/1564/613
f 645/1536/642 581/1386/578 579/1381/576
f 653/1565/650 595/1418/592 594/1417/591
f 653/1565/650 594/1417/591 641/1566/638
f 653/1567/650 641/1522/638 504/1568/501
f 653/1569/650 504/1172/501 503/1171/500
f 653/1569/650 503/1171/500 654/1570/651
f 653/1571/650 654/1572/651 599/1424/596
f 653/1571/650 599/1424/596 595/1420/592
f 655/1573/652 597/1422/594 604/1574/601
f 655/1575/652 604/1576/601 656/1577/653
f 655/1578/652 656/1579/653 510/1580/507
f 655/1578/652 510/1580/507 509/1581/506
f 655/1582/652 509/1583/506 643/1534/640
f 655/1584/652 643/1585/640 598/1586/595
f 655/1573/652 598/1423/595 597/1422/594
f 657/1587/654 599/1588/596 654/1589/651
f 657/1587/654 654/1589/651 438/1590/435
f 657/1591/654 438/1592/435 658/1593/655
f 657/1591/654 658/1593/655 659/1594/656
f 657/1595/654 659/1596/656 600/1597/597
f 657/1595/654 600/1597/597 599/1598/596
f 660/1599/657 604/1600/601 603/1601/600
f 660/1599/657 603/1601/600 661/1602/658
f 660/1599/657 661/1602/658 662/1603/659
f 660/1604/657 662/1605/659 478/1606/475
f 660/1604/657 478/1606/475 656/1607/653
f 660/1599/657 656/1608/653 604/1600/601
f 663/1609/660 582/1482/579 620/1481/617
f 663/1609/660 620/1481/617 624/1490/621
f 663/1610/660 624/1611/621 607/1441/604
f 663/1610/660 607/1441/604 606/1440/603
f 663/1610/660 606/1440/603 664/1612/661
f 663/1610/660 664/1612/661 658/1613/655
f 663/1614/660 658/1615/655 583/1391/580
f 663/1614/660 583/1391/580 582/1390/579
f 665/1616/662 585/1485/582 584/1617/581
f 665/1618/662 584/1619/581 662/1620/659
f 665/1621/662 662/1622/659 666/1623/663
f 665/1624/662 666/1625/663 610/1447/607
f 665/1616/662 610/1445/607 609/1444/606
f 665/1616/662 609/1444/606 625/1491/622
f 665/1616/662 625/1491/622 622/1486/619
f 665/1616/662 622/1486/619 585/1485/582
f 667/1626/664 569/1350/566 614/1466/611
f 667/1626/664 614/1466/611 505/1627/502
f 667/1626/664 505/1627/502 668/1628/665
f 667/1626/664 668/1628/665 669/1629/666
f 667/1626/664 669/1629/666 570/1351/567
f 667/1626/664 570/1351/567 569/1350/566
f 670/1630/667 591/1474/588 616/1473/613
f 670/1630/667 616/1473/613 671/1631/668
f 670/1630/667 671/1631/668 672/1632/669
f 670/1630/667 672/1632/669 508/1183/505
f 670/1630/667 508/1183/505 592/1633/589
f 670/1630/667 592/1633/589 591/1474/588
f 673/1634/670 571/1354/568 570/1353/567
f 673/1634/670 570/1353/567 669/1635/666
f 673/1634/670 669/1635/666 668/1636/665
f 673/1634/670 668/1636/665 674/1637/671
f 673/1638/670 674/1639/671 640/1640/637
f 673/1641/670 640/1521/637 638/1516/635
f 673/1634/670 638/1642/635 571/1354/568
f 652/1643/649 645/1536/642 644/1535/641
f 652/1644/649 644/1645/641 675/1646/672
f 652/1644/649 675/1646/672 672/1647/669
f 652/1648/649 672/1632/669 671/1631/668
f 652/1648/649 671/1631/668 616/1473/613
f 654/1570/651 503/1171/500 676/1649/673
f 654/1589/651 676/1650/673 439/1651/436
f 654/1589/651 439/1651/436 438/1590/435
f 677/1652/674 656/1653/653 477/1117/474
f 677/1652/674 477/1117/474 313/889/312
f 677/1654/674 313/719/312 312/718/311
f 677/1654/674 312/718/311 510/1655/507
f 677/1656/674 510/1580/507 656/1579/653
f 478/1606/475 477/1657/474 656/1607/653
f 583/1658/580 658/1593/655 438/1592/435
f 583/1393/580 438/1012/435 437/1011/434
f 478/1606/475 662/1605/659 584/1396/581
f 478/1606/475 584/1396/581 479/1395/476
f 502/1659/499 444/1024/441 443/1023/440
f 451/1660/448 519/1210/516 646/1661/643
f 451/1662/448 646/1540/643 486/1145/483
f 451/1662/448 486/1145/483 452/1144/449
f 455/1059/452 454/1058/451 484/1663/481
f 455/1664/452 484/1557/481 651/1556/648
f 455/1664/452 651/1556/648 565/1665/562
f 505/1627/502 614/1466/611 506/1465/503
f 508/1183/505 507/1182/504 592/1633/589
f 504/1568/501 641/1522/638 640/1521/637
f 504/1174/501 640/1640/637 674/1639/671
f 504/1174/501 674/1639/671 668/1666/665
f 504/1174/501 668/1666/665 505/1175/502
f 509/1186/506 508/1185/505 672/1667/669
f 509/1186/506 672/1667/669 675/1668/672
f 509/1186/506 675/1668/672 644/1669/641
f 509/1583/506 644/1535/641 643/1534/640
f 678/1670/675 600/1671/597 659/1672/656
f 678/1673/675 659/1594/656 679/1674/676
f 678/1673/675 679/1674/676 680/1675/677
f 678/1676/675 680/1677/677 681/1678/678
f 678/1676/675 681/1678/678 601/1679/598
f 678/1680/675 601/1427/598 600/1426/597
f 682/1681/679 603/1432/600 602/1431/599
f 682/1682/679 602/1683/599 683/1684/680
f 682/1685/679 683/1686/680 684/1687/681
f 682/1685/679 684/1687/681 685/1688/682
f 682/1685/679 685/1688/682 661/1602/658
f 682/1685/679 661/1602/658 603/1601/600
f 617/1477/614 347/1476/346 676/1689/673
f 617/1477/614 676/1689/673 503/1690/500
f 617/1691/614 503/1171/500 210/463/209
f 617/1477/614 210/461/209 209/460/208
f 217/1192/216 510/1191/507 312/1692/311
f 217/484/216 312/718/311 218/485/217
f 676/1693/673 347/1694/346 439/1695/436
f 481/1696/478 480/1697/477 502/1698/499
f 481/1317/478 502/1309/499 553/1308/550
f 481/1317/478 553/1308/550 555/1318/552
f 686/1699/683 606/1439/603 532/1438/529
f 686/1699/683 532/1438/529 531/1700/528
f 686/1699/683 531/1700/528 687/1701/684
f 686/1699/683 687/1701/684 688/1702/685
f 686/1699/683 688/1702/685 664/1703/661
f 686/1699/683 664/1703/661 606/1439/603
f 611/1454/608 534/1257/531 610/1447/607
f 611/1454/608 610/1447/607 666/1625/663
f 611/1704/608 666/1705/663 689/1706/686
f 611/1704/608 689/1706/686 612/1707/609
f 679/1674/676 659/1594/656 658/1593/655
f 679/1708/676 658/1613/655 664/1612/661
f 679/1708/676 664/1612/661 688/1709/685
f 679/1710/676 688/1711/685 680/1712/677
f 685/1713/682 684/1714/681 689/1715/686
f 685/1716/682 689/1706/686 666/1705/663
f 685/1717/682 666/1718/663 662/1719/659
f 685/1688/682 662/1603/659 661/1602/658
f 589/1411/586 588/1410/585 690/1720/687
f 589/1721/586 690/1722/687 691/1723/688
f 589/1721/586 691/1723/688 687/1724/684
f 589/1725/586 687/1701/684 531/1700/528
f 692/1726/689 687/1724/684 691/1723/688
f 692/1726/689 691/1723/688 693/1727/690
f 692/1728/689 693/1729/690 694/1730/691
f 692/1731/689 694/1732/691 680/1712/677
f 692/1731/689 680/1712/677 688/1711/685
f 692/1733/689 688/1702/685 687/1701/684
f 695/1734/692 612/1707/609 689/1706/686
f 695/1734/692 689/1706/686 684/1735/681
f 695/1734/692 684/1735/681 696/1736/693
f 695/1734/692 696/1736/693 697/1737/694
f 695/1738/692 697/1739/694 698/1740/695
f 695/1738/692 698/1740/695 612/1741/609
f 613/1742/610 612/1743/609 698/1744/695
f 613/1745/610 698/1740/695 699/1746/696
f 613/1745/610 699/1746/696 634/1509/631
f 613/1460/610 634/1507/631 545/1461/542
f 629/1497/626 628/1496/625 700/1747/697
f 629/1748/626 700/1749/697 701/1750/698
f 629/1748/626 701/1750/698 702/1751/699
f 629/1752/626 702/1753/699 703/1754/700
f 629/1752/626 703/1754/700 704/1755/701
f 629/1752/626 704/1755/701 631/1756/628
f 629/1752/626 631/1756/628 630/1757/627
f 705/1758/702 553/1308/550 552/1307/549
f 705/1759/702 552/1305/549 706/1760/703
f 705/1759/702 706/1760/703 707/1761/704
f 705/1758/702 707/1762/704 555/1318/552
f 705/1758/702 555/1318/552 553/1308/550
f 556/1319/553 555/1318/552 707/1762/704
f 556/1321/553 707/1763/704 708/1764/705
f 556/1321/553 708/1764/705 709/1765/706
f 556/1321/553 709/1765/706 557/1322/554
f 710/1766/707 588/1504/585 633/1503/630
f 710/1766/707 633/1503/630 632/1502/629
f 710/1766/707 632/1502/629 711/1767/708
f 710/1766/707 711/1767/708 712/1768/709
f 710/1766/707 712/1768/709 713/1769/710
f 710/1766/707 713/1769/710 690/1770/687
f 710/1771/707 690/1720/687 588/1410/585
f 714/1772/711 634/1509/631 699/1746/696
f 714/1772/711 699/1746/696 715/1773/712
f 714/1772/711 715/1773/712 716/1774/713
f 714/1775/711 716/1776/713 717/1777/714
f 714/1775/711 717/1777/714 636/1512/633
f 714/1775/711 636/1512/633 635/1511/632
f 714/1772/711 635/1510/632 634/1509/631
f 693/1727/690 691/1723/688 690/1722/687
f 693/1778/690 690/1770/687 713/1769/710
f 693/1779/690 713/1780/710 718/1781/715
f 693/1729/690 718/1782/715 694/1730/691
f 697/1737/694 696/1736/693 719/1783/716
f 697/1739/694 719/1784/716 715/1773/712
f 697/1739/694 715/1773/712 699/1746/696
f 697/1739/694 699/1746/696 698/1740/695
f 720/1785/717 601/1786/598 721/1787/718
f 720/1785/717 721/1787/718 722/1788/719
f 720/1789/717 722/1790/719 723/1791/720
f 720/1789/717 723/1791/720 519/1210/516
f 720/1789/717 519/1210/516 518/1209/515
f 720/1789/717 518/1209/515 601/1792/598
f 721/1793/718 601/1679/598 681/1678/678
f 721/1793/718 681/1678/678 694/1794/691
f 721/1793/718 694/1794/691 724/1795/721
f 721/1793/718 724/1795/721 725/1796/722
f 721/1793/718 725/1796/722 722/1797/719
f 726/1798/723 602/1429/599 566/1342/563
f 726/1798/723 566/1342/563 565/1341/562
f 726/1798/723 565/1341/562 727/1799/724
f 726/1800/723 727/1801/724 728/1802/725
f 726/1798/723 728/1803/725 729/1804/726
f 726/1798/723 729/1804/726 602/1429/599
f 729/1805/726 728/1806/725 730/1807/727
f 729/1805/726 730/1807/727 731/1808/728
f 729/1805/726 731/1808/728 696/1809/693
f 729/1810/726 696/1811/693 683/1686/680
f 729/1812/726 683/1684/680 602/1683/599
f 706/1760/703 552/1305/549 732/1813/729
f 706/1760/703 732/1813/729 733/1814/730
f 706/1760/703 733/1814/730 708/1815/705
f 706/1760/703 708/1815/705 707/1761/704
f 723/1791/720 722/1790/719 734/1816/731
f 723/1817/720 734/1818/731 647/1543/644
f 723/1817/720 647/1543/644 646/1542/643
f 723/1791/720 646/1661/643 519/1210/516
f 727/1819/724 565/1820/562 651/1821/648
f 727/1822/724 651/1554/648 650/1553/647
f 727/1823/724 650/1824/647 735/1825/732
f 727/1801/724 735/1826/732 728/1802/725
f 704/1755/701 703/1754/700 736/1827/733
f 704/1828/701 736/1829/733 711/1830/708
f 704/1831/701 711/1767/708 632/1502/629
f 704/1755/701 632/1832/629 631/1756/628
f 700/1747/697 628/1496/625 636/1512/633
f 700/1747/697 636/1512/633 717/1777/714
f 700/1747/697 717/1777/714 737/1833/734
f 700/1834/697 737/1835/734 701/1836/698
f 551/1547/548 648/1546/645 738/1837/735
f 551/1838/548 738/1839/735 739/1840/736
f 551/1838/548 739/1840/736 740/1841/737
f 551/1838/548 740/1841/737 732/1842/729
f 551/1304/548 732/1813/729 552/1305/549
f 741/1843/738 708/1815/705 733/1814/730
f 741/1843/738 733/1814/730 742/1844/739
f 741/1845/738 742/1846/739 743/1847/740
f 741/1845/738 743/1847/740 744/1848/741
f 741/1849/738 744/1850/741 709/1765/706
f 741/1849/738 709/1765/706 708/1764/705
f 694/1794/691 681/1678/678 680/1677/677
f 696/1811/693 684/1687/681 683/1686/680
f 740/1851/737 739/1852/736 742/1853/739
f 740/1851/737 742/1853/739 733/1854/730
f 740/1855/737 733/1814/730 732/1813/729
f 557/1856/554 709/1857/706 744/1848/741
f 557/1856/554 744/1848/741 745/1858/742
f 557/1856/554 745/1858/742 746/1859/743
f 557/1549/554 746/1860/743 649/1550/646
f 747/1861/744 711/1830/708 736/1829/733
f 747/1861/744 736/1829/733 748/1862/745
f 747/1861/744 748/1862/745 749/1863/746
f 747/1861/744 749/1863/746 750/1864/747
f 747/1865/744 750/1866/747 712/1768/709
f 747/1865/744 712/1768/709 711/1767/708
f 751/1867/748 717/1777/714 716/1776/713
f 751/1868/748 716/1869/713 752/1870/749
f 751/1871/748 752/1872/749 753/1873/750
f 751/1871/748 753/1873/750 754/1874/751
f 751/1871/748 754/1874/751 737/1875/734
f 751/1871/748 737/1875/734 717/1876/714
f 755/1877/752 742/1853/739 739/1852/736
f 755/1878/752 739/1879/736 756/1880/753
f 755/1878/752 756/1880/753 757/1881/754
f 755/1877/752 757/1882/754 743/1883/740
f 755/1877/752 743/1883/740 742/1853/739
f 745/1858/742 744/1848/741 743/1847/740
f 745/1884/742 743/1883/740 757/1882/754
f 745/1884/742 757/1882/754 758/1885/755
f 745/1886/742 758/1887/755 746/1888/743
f 718/1781/715 713/1780/710 759/1889/756
f 718/1890/715 759/1891/756 760/1892/757
f 718/1890/715 760/1892/757 724/1893/721
f 718/1890/715 724/1893/721 694/1894/691
f 731/1895/728 730/1896/727 761/1897/758
f 731/1895/728 761/1897/758 762/1898/759
f 731/1895/728 762/1898/759 719/1899/716
f 731/1808/728 719/1900/716 696/1809/693
f 763/1901/760 702/1751/699 701/1750/698
f 763/1901/760 701/1750/698 764/1902/761
f 763/1901/760 764/1902/761 765/1903/762
f 763/1901/760 765/1903/762 766/1904/763
f 763/1901/760 766/1904/763 702/1751/699
f 767/1905/764 702/1751/699 766/1904/763
f 767/1906/764 766/1907/763 768/1908/765
f 767/1906/764 768/1908/765 769/1909/766
f 767/1910/764 769/1911/766 703/1912/700
f 767/1910/764 703/1912/700 702/1913/699
f 769/1914/766 768/1915/765 770/1916/767
f 769/1914/766 770/1916/767 771/1917/768
f 769/1911/766 771/1918/768 736/1829/733
f 769/1911/766 736/1829/733 703/1912/700
f 764/1902/761 701/1750/698 737/1919/734
f 764/1920/761 737/1875/734 772/1921/769
f 764/1902/761 772/1922/769 773/1923/770
f 764/1902/761 773/1923/770 765/1903/762
f 756/1924/753 739/1925/736 738/1926/735
f 756/1924/753 738/1926/735 774/1927/771
f 756/1924/753 774/1927/771 775/1928/772
f 756/1929/753 775/1930/772 758/1931/755
f 756/1929/753 758/1931/755 757/1932/754
f 771/1917/768 770/1916/767 776/1933/773
f 771/1917/768 776/1933/773 777/1934/774
f 771/1917/768 777/1934/774 748/1935/745
f 771/1918/768 748/1862/745 736/1829/733
f 754/1874/751 753/1873/750 778/1936/775
f 754/1874/751 778/1936/775 779/1937/776
f 754/1874/751 779/1937/776 772/1921/769
f 754/1874/751 772/1921/769 737/1875/734
f 780/1938/777 758/1931/755 775/1930/772
f 780/1939/777 775/1940/772 781/1941/778
f 780/1939/777 781/1941/778 782/1942/779
f 780/1939/777 782/1942/779 783/1943/780
f 780/1938/777 783/1944/780 758/1931/755
f 783/1943/780 782/1942/779 784/1945/781
f 783/1943/780 784/1945/781 746/1946/743
f 783/1944/780 746/1947/743 758/1931/755
f 785/1948/782 768/1908/765 766/1907/763
f 785/1949/782 766/1904/763 786/1950/783
f 785/1951/782 786/1952/783 787/1953/784
f 785/1948/782 787/1954/784 788/1955/785
f 785/1948/782 788/1955/785 768/1908/765
f 788/1956/785 787/1953/784 789/1957/786
f 788/1955/785 789/1958/786 790/1959/787
f 788/1955/785 790/1959/787 791/1960/788
f 788/1955/785 791/1960/788 770/1961/767
f 788/1955/785 770/1961/767 768/1908/765
f 786/1950/783 766/1904/763 765/1903/762
f 786/1950/783 765/1903/762 792/1962/789
f 786/1952/783 792/1963/789 793/1964/790
f 786/1952/783 793/1964/790 787/1953/784
f 792/1962/789 765/1903/762 773/1923/770
f 792/1965/789 773/1966/770 794/1967/791
f 792/1965/789 794/1967/791 795/1968/792
f 792/1963/789 795/1969/792 789/1957/786
f 792/1963/789 789/1957/786 793/1964/790
f 796/1970/793 738/1971/735 648/1972/645
f 796/1973/793 648/1974/645 797/1975/794
f 796/1976/793 797/1977/794 798/1978/795
f 796/1979/793 798/1980/795 799/1981/796
f 796/1979/793 799/1981/796 781/1982/778
f 796/1983/793 781/1941/778 774/1984/771
f 796/1985/793 774/1986/771 738/1987/735
f 784/1945/781 782/1942/779 800/1988/797
f 784/1945/781 800/1988/797 801/1989/798
f 784/1990/781 801/1991/798 802/1992/799
f 784/1993/781 802/1994/799 649/1995/646
f 784/1996/781 649/1997/646 746/1998/743
f 781/1941/778 775/1940/772 774/1984/771
f 750/1999/747 749/2000/746 803/2001/800
f 750/1999/747 803/2001/800 804/2002/801
f 750/1999/747 804/2002/801 805/2003/802
f 750/1999/747 805/2003/802 806/2004/803
f 750/1866/747 806/2005/803 712/1768/709
f 806/2004/803 805/2003/802 807/2006/804
f 806/2004/803 807/2006/804 713/1780/710
f 806/2005/803 713/1769/710 712/1768/709
f 808/2007/805 716/1774/713 715/1773/712
f 808/2007/805 715/1773/712 809/2008/806
f 808/2009/805 809/2010/806 810/2011/807
f 808/2012/805 810/2013/807 811/2014/808
f 808/2012/805 811/2014/808 812/2015/809
f 808/2012/805 812/2015/809 716/1869/713
f 752/1870/749 716/1869/713 812/2015/809
f 752/1870/749 812/2015/809 811/2014/808
f 752/1870/749 811/2014/808 813/2016/810
f 752/1870/749 813/2016/810 814/2017/811
f 752/1870/749 814/2017/811 753/2018/750
f 759/1889/756 713/1780/710 807/2006/804
f 759/1889/756 807/2006/804 815/2019/812
f 759/2020/756 815/2021/812 816/2022/813
f 759/1891/756 816/2023/813 760/1892/757
f 809/2010/806 715/2024/712 719/2025/716
f 809/2010/806 719/2025/716 762/2026/759
f 809/2010/806 762/2026/759 817/2027/814
f 809/2010/806 817/2027/814 810/2011/807
f 818/2028/815 749/1863/746 748/1862/745
f 818/2029/815 748/1935/745 777/1934/774
f 818/2030/815 777/2031/774 819/2032/816
f 818/2030/815 819/2032/816 820/2033/817
f 818/2030/815 820/2033/817 821/2034/818
f 818/2030/815 821/2034/818 749/2035/746
f 822/2036/819 749/2035/746 821/2034/818
f 822/2036/819 821/2034/818 823/2037/820
f 822/2038/819 823/2039/820 824/2040/821
f 822/2038/819 824/2040/821 803/2041/800
f 822/2036/819 803/2042/800 749/2035/746
f 825/2043/822 753/1873/750 814/2044/811
f 825/2045/822 814/2046/811 826/2047/823
f 825/2043/822 826/2048/823 827/2049/824
f 825/2043/822 827/2049/824 828/2050/825
f 825/2043/822 828/2050/825 753/1873/750
f 778/1936/775 753/1873/750 828/2050/825
f 778/1936/775 828/2050/825 829/2051/826
f 778/2052/775 829/2053/826 830/2054/827
f 778/2052/775 830/2054/827 779/2055/776
f 799/2056/796 798/2057/795 831/2058/828
f 799/1981/796 831/2059/828 800/2060/797
f 799/1981/796 800/2060/797 782/2061/779
f 799/1981/796 782/2061/779 781/1982/778
f 832/2062/829 772/1921/769 779/1937/776
f 832/2063/829 779/2055/776 830/2054/827
f 832/2063/829 830/2054/827 833/2064/830
f 832/2065/829 833/2066/830 834/2067/831
f 832/2065/829 834/2067/831 794/2068/791
f 832/2065/829 794/2068/791 773/2069/770
f 832/2065/829 773/2069/770 772/2070/769
f 776/1933/773 770/1916/767 791/2071/788
f 776/1933/773 791/2071/788 835/2072/832
f 776/1933/773 835/2072/832 836/2073/833
f 776/2074/773 836/2075/833 819/2076/816
f 776/2077/773 819/2032/816 777/2031/774
f 837/2078/834 800/2079/797 831/2080/828
f 837/2078/834 831/2080/828 838/2081/835
f 837/2078/834 838/2081/835 839/2082/836
f 837/2078/834 839/2082/836 801/2083/798
f 837/2078/834 801/2083/798 800/2079/797
f 789/1957/786 787/1953/784 793/1964/790
f 840/2084/837 734/1816/731 722/1790/719
f 840/2084/837 722/1790/719 725/2085/722
f 840/2084/837 725/2085/722 841/2086/838
f 840/2087/837 841/2088/838 842/2089/839
f 840/2087/837 842/2089/839 843/2090/840
f 840/2087/837 843/2090/840 734/1818/731
f 843/2091/840 842/2092/839 844/2093/841
f 843/2094/840 844/2095/841 797/2096/794
f 843/2094/840 797/2096/794 648/2097/645
f 843/2098/840 648/2099/645 647/2100/644
f 843/2090/840 647/1543/644 734/1818/731
f 845/2101/842 735/1825/732 846/2102/843
f 845/2101/842 846/2102/843 847/2103/844
f 845/2101/842 847/2103/844 848/2104/845
f 845/2105/842 848/2106/845 730/2107/727
f 845/2108/842 730/2109/727 728/1802/725
f 845/2108/842 728/1802/725 735/1826/732
f 846/2102/843 735/1825/732 650/1824/647
f 846/2110/843 650/1553/647 649/1552/646
f 846/2111/843 649/2112/646 802/2113/799
f 846/2111/843 802/2113/799 849/2114/846
f 846/2102/843 849/2115/846 847/2103/844
f 850/2116/847 803/2041/800 824/2040/821
f 850/2116/847 824/2040/821 851/2117/848
f 850/2118/847 851/2119/848 852/2120/849
f 850/2118/847 852/2120/849 804/2002/801
f 850/2118/847 804/2002/801 803/2001/800
f 853/2121/850 814/2017/811 813/2016/810
f 853/2121/850 813/2016/810 854/2122/851
f 853/2123/850 854/2124/851 855/2125/852
f 853/2123/850 855/2125/852 826/2047/823
f 853/2123/850 826/2047/823 814/2046/811
f 795/1968/792 794/1967/791 834/2126/831
f 795/1968/792 834/2126/831 856/2127/853
f 795/1968/792 856/2127/853 857/2128/854
f 795/1969/792 857/2129/854 858/2130/855
f 795/1969/792 858/2130/855 789/1957/786
f 790/2131/787 789/1957/786 858/2130/855
f 790/1959/787 858/2132/855 859/2133/856
f 790/1959/787 859/2133/856 860/2134/857
f 790/1959/787 860/2134/857 835/2135/832
f 790/1959/787 835/2135/832 791/1960/788
f 838/2136/835 831/2058/828 798/2057/795
f 838/2136/835 798/2057/795 861/2137/858
f 838/2081/835 861/2138/858 862/2139/859
f 838/2081/835 862/2139/859 839/2082/836
f 797/2096/794 844/2095/841 863/2140/860
f 797/2141/794 863/2142/860 864/2143/861
f 797/1977/794 864/2144/861 865/2145/862
f 797/1977/794 865/2145/862 866/2146/863
f 797/1977/794 866/2146/863 861/2147/858
f 797/1977/794 861/2147/858 798/1978/795
f 867/2148/864 801/2083/798 839/2082/836
f 867/2148/864 839/2082/836 868/2149/865
f 867/2150/864 868/2151/865 869/2152/866
f 867/2150/864 869/2152/866 870/2153/867
f 867/2154/864 870/2155/867 871/2156/868
f 867/2157/864 871/2158/868 802/1992/799
f 867/2157/864 802/1992/799 801/1991/798
f 820/2033/817 819/2032/816 872/2159/869
f 820/2033/817 872/2159/869 873/2160/870
f 820/2161/817 873/2162/870 874/2163/871
f 820/2161/817 874/2163/871 823/2039/820
f 820/2033/817 823/2037/820 821/2034/818
f 829/2053/826 828/2164/825 827/2165/824
f 829/2053/826 827/2165/824 875/2166/872
f 829/2053/826 875/2166/872 876/2167/873
f 829/2053/826 876/2167/873 877/2168/874
f 829/2053/826 877/2168/874 830/2054/827
f 857/2128/854 856/2127/853 878/2169/875
f 857/2129/854 878/2170/875 859/2171/856
f 857/2129/854 859/2171/856 858/2130/855
f 862/2172/859 861/2173/858 879/2174/876
f 862/2172/859 879/2174/876 868/2175/865
f 862/2139/859 868/2149/865 839/2082/836
f 815/2019/812 807/2006/804 805/2003/802
f 815/2019/812 805/2003/802 880/2176/877
f 815/2021/812 880/2177/877 881/2178/878
f 815/2021/812 881/2178/878 816/2022/813
f 879/2179/876 861/2180/858 882/2181/879
f 879/2182/876 882/2183/879 883/2184/880
f 879/2174/876 883/2185/880 869/2186/866
f 879/2174/876 869/2186/866 868/2175/865
f 880/2176/877 805/2003/802 804/2002/801
f 880/2176/877 804/2002/801 852/2120/849
f 880/2177/877 852/2187/849 884/2188/881
f 880/2177/877 884/2188/881 881/2178/878
f 885/2189/882 811/2014/808 810/2013/807
f 885/2190/882 810/2011/807 886/2191/883
f 885/2190/882 886/2191/883 887/2192/884
f 885/2189/882 887/2193/884 854/2122/851
f 885/2189/882 854/2122/851 813/2016/810
f 885/2189/882 813/2016/810 811/2014/808
f 866/2194/863 865/2195/862 888/2196/885
f 866/2197/863 888/2198/885 889/2199/886
f 866/2200/863 889/2201/886 882/2202/879
f 866/2203/863 882/2204/879 861/2205/858
f 860/2206/857 859/2171/856 878/2170/875
f 860/2206/857 878/2170/875 890/2207/887
f 860/2134/857 890/2208/887 891/2209/888
f 860/2134/857 891/2209/888 835/2135/832
f 890/2210/887 878/2169/875 856/2127/853
f 890/2211/887 856/2212/853 892/2213/889
f 890/2211/887 892/2213/889 893/2214/890
f 890/2211/887 893/2214/890 891/2215/888
f 892/2213/889 856/2212/853 834/2067/831
f 892/2213/889 834/2067/831 833/2066/830
f 892/2213/889 833/2066/830 894/2216/891
f 892/2213/889 894/2216/891 895/2217/892
f 892/2213/889 895/2217/892 893/2214/890
f 896/2218/893 869/2219/866 883/2220/880
f 896/2218/893 883/2220/880 897/2221/894
f 896/2218/893 897/2221/894 898/2222/895
f 896/2218/893 898/2222/895 870/2223/867
f 896/2218/893 870/2223/867 869/2219/866
f 817/2224/814 762/1898/759 899/2225/896
f 817/2224/814 899/2225/896 900/2226/897
f 817/2224/814 900/2226/897 901/2227/898
f 817/2224/814 901/2227/898 902/2228/899
f 817/2027/814 902/2229/899 903/2230/900
f 817/2027/814 903/2230/900 886/2191/883
f 817/2027/814 886/2191/883 810/2011/807
f 884/2188/881 852/2187/849 851/2231/848
f 884/2232/881 851/2117/848 904/2233/901
f 884/2232/881 904/2233/901 905/2234/902
f 884/2232/881 905/2234/902 906/2235/903
f 884/2188/881 906/2236/903 881/2178/878
f 887/2192/884 886/2191/883 907/2237/904
f 887/2238/884 907/2239/904 908/2240/905
f 887/2238/884 908/2240/905 909/2241/906
f 887/2238/884 909/2241/906 855/2125/852
f 887/2238/884 855/2125/852 854/2124/851
f 836/2242/833 835/2135/832 891/2209/888
f 836/2075/833 891/2243/888 910/2244/907
f 836/2075/833 910/2244/907 872/2245/869
f 836/2075/833 872/2245/869 819/2076/816
f 897/2221/894 883/2220/880 882/2202/879
f 897/2221/894 882/2202/879 889/2201/886
f 897/2246/894 889/2199/886 911/2247/908
f 897/2246/894 911/2247/908 898/2248/895
f 877/2249/874 876/2250/873 912/2251/909
f 877/2249/874 912/2251/909 894/2252/891
f 877/2249/874 894/2252/891 833/2253/830
f 877/2168/874 833/2064/830 830/2054/827
f 913/2254/910 870/2223/867 898/2222/895
f 913/2255/910 898/2248/895 914/2256/911
f 913/2255/910 914/2256/911 915/2257/912
f 913/2255/910 915/2257/912 871/2258/868
f 913/2254/910 871/2259/868 870/2223/867
f 904/2233/901 851/2117/848 824/2040/821
f 904/2233/901 824/2040/821 823/2039/820
f 904/2233/901 823/2039/820 874/2163/871
f 904/2233/901 874/2163/871 905/2234/902
f 909/2241/906 908/2240/905 875/2260/872
f 909/2241/906 875/2260/872 827/2261/824
f 909/2241/906 827/2261/824 826/2047/823
f 909/2241/906 826/2047/823 855/2125/852
f 911/2247/908 889/2199/886 888/2198/885
f 911/2262/908 888/2263/885 916/2264/913
f 911/2262/908 916/2264/913 917/2265/2
f 911/2262/908 917/2265/2 914/2266/911
f 911/2247/908 914/2256/911 898/2248/895
f 873/2267/870 872/2245/869 918/2268/914
f 873/2267/870 918/2268/914 906/2269/903
f 873/2162/870 906/2235/903 905/2234/902
f 873/2162/870 905/2234/902 874/2163/871
f 876/2167/873 875/2166/872 908/2270/905
f 876/2271/873 908/2240/905 907/2239/904
f 876/2250/873 907/2272/904 912/2251/909
f 918/2268/914 872/2245/869 910/2244/907
f 918/2268/914 910/2244/907 919/2273/915
f 918/2268/914 919/2273/915 920/2274/916
f 918/2268/914 920/2274/916 921/2275/917
f 918/2268/914 921/2275/917 906/2269/903
f 895/2217/892 894/2216/891 919/2276/915
f 895/2277/892 919/2273/915 910/2244/907
f 895/2277/892 910/2244/907 891/2243/888
f 895/2217/892 891/2215/888 893/2214/890
f 922/2278/3 917/2265/2 923/2279/918
f 922/2280/3 923/2281/918 924/2282/919
f 922/2278/3 924/2283/919 925/2284/920
f 922/2278/3 925/2284/920 914/2266/911
f 922/2278/3 914/2266/911 917/2265/2
f 923/2279/918 917/2265/2 916/2264/913
f 923/2281/918 916/2285/913 926/2286/921
f 923/2281/918 926/2286/921 927/2287/413
f 923/2281/918 927/2287/413 924/2282/919
f 915/2288/912 914/2266/911 925/2284/920
f 915/2288/912 925/2284/920 928/2289/922
f 915/2290/912 928/2291/922 929/2292/923
f 915/2293/912 929/2294/923 930/2295/924
f 915/2296/912 930/2297/924 871/2298/868
f 912/2299/909 907/2237/904 903/2230/900
f 912/2300/909 903/2301/900 920/2302/916
f 912/2251/909 920/2303/916 919/2304/915
f 912/2251/909 919/2304/915 894/2252/891
f 931/2305/414 924/2282/919 927/2287/413
f 931/2305/414 927/2287/413 932/2306/925
f 931/2305/414 932/2306/925 933/2307/926
f 931/2305/414 933/2307/926 928/2308/922
f 931/2305/414 928/2308/922 924/2282/919
f 928/2308/922 925/2309/920 924/2282/919
f 926/2310/921 916/2264/913 888/2263/885
f 926/2311/921 888/2312/885 934/2313/927
f 926/2311/921 934/2313/927 932/2314/925
f 926/2286/921 932/2306/925 927/2287/413
f 933/2315/926 932/2314/925 935/2316/928
f 933/2315/926 935/2316/928 936/2317/929
f 933/2315/926 936/2317/929 929/2292/923
f 933/2315/926 929/2292/923 928/2291/922
f 865/2318/862 864/2319/861 937/2320/930
f 865/2321/862 937/2322/930 938/2323/931
f 865/2324/862 938/2325/931 934/2326/927
f 865/2327/862 934/2328/927 888/2329/885
f 930/2330/924 929/2331/923 939/2332/932
f 930/2330/924 939/2332/932 940/2333/933
f 930/2334/924 940/2335/933 941/2336/934
f 930/2337/924 941/2338/934 802/1992/799
f 930/2337/924 802/1992/799 871/2158/868
f 935/2316/928 932/2314/925 934/2313/927
f 935/2339/928 934/2340/927 938/2341/931
f 935/2342/928 938/2323/931 942/2343/935
f 935/2344/928 942/2345/935 936/2346/929
f 943/2347/936 944/2348/937 945/2349/938
f 943/2347/936 945/2349/938 946/2350/939
f 943/2347/936 946/2350/939 947/2351/940
f 943/2347/936 947/2351/940 948/2352/941
f 943/2347/936 948/2352/941 949/2353/942
f 943/2347/936 949/2353/942 944/2348/937
f 950/2354/943 944/2348/937 949/2353/942
f 950/2354/943 949/2353/942 951/2355/944
f 950/2356/943 951/2357/944 952/2358/945
f 950/2356/943 952/2358/945 953/2359/946
f 950/2356/943 953/2359/946 954/2360/947
f 950/2354/943 954/2361/947 944/2348/937
f 954/2360/947 953/2359/946 955/2362/948
f 954/2360/947 955/2362/948 956/2363/949
f 954/2364/947 956/2365/949 945/2366/938
f 954/2361/947 945/2349/938 944/2348/937
f 948/2352/941 947/2351/940 957/2367/950
f 948/2352/941 957/2367/950 951/2355/944
f 948/2352/941 951/2355/944 949/2353/942
f 958/2368/951 946/2350/939 945/2349/938
f 958/2369/951 945/2366/938 956/2365/949
f 958/2369/951 956/2365/949 959/2370/952
f 958/2369/951 959/2370/952 960/2371/953
f 958/2368/951 960/2372/953 946/2350/939
f 961/2373/954 946/2350/939 960/2372/953
f 961/2374/954 960/2371/953 962/2375/955
f 961/2374/954 962/2375/955 963/2376/956
f 961/2374/954 963/2376/956 964/2377/957
f 961/2374/954 964/2377/957 947/2378/940
f 961/2373/954 947/2351/940 946/2350/939
f 964/2379/957 963/2380/956 965/2381/958
f 964/2382/957 965/2383/958 966/2384/959
f 964/2382/957 966/2384/959 967/2385/960
f 964/2386/957 967/2387/960 957/2388/950
f 964/2377/957 957/2389/950 947/2378/940
f 952/2358/945 951/2357/944 957/2388/950
f 952/2358/945 957/2388/950 967/2387/960
f 952/2390/945 967/2391/960 968/2392/961
f 952/2390/945 968/2392/961 953/2393/946
f 939/2394/932 929/2395/923 936/2396/929
f 939/2332/932 936/2397/929 969/2398/962
f 939/2332/932 969/2398/962 970/2399/963
f 939/2332/932 970/2399/963 940/2333/933
f 959/2400/952 956/2401/949 971/2402/964
f 959/2403/952 971/2404/964 972/2405/965
f 959/2406/952 972/2407/965 962/2408/955
f 959/2370/952 962/2375/955 960/2371/953
f 942/2343/935 938/2323/931 973/2409/966
f 942/2343/935 973/2409/966 969/2410/962
f 942/2411/935 969/2398/962 936/2397/929
f 974/2412/967 724/1893/721 760/1892/757
f 974/2412/967 760/1892/757 975/2413/968
f 974/2412/967 975/2413/968 976/2414/969
f 974/2412/967 976/2414/969 841/2415/838
f 974/2412/967 841/2415/838 725/2416/722
f 974/2412/967 725/2416/722 724/1893/721
f 921/2275/917 920/2274/916 902/2417/899
f 921/2418/917 902/2419/899 816/2420/813
f 921/2421/917 816/2022/813 881/2178/878
f 921/2421/917 881/2178/878 906/2236/903
f 903/2230/900 907/2237/904 886/2191/883
f 848/2422/845 847/2423/844 977/2424/970
f 848/2422/845 977/2424/970 978/2425/971
f 848/2426/845 978/2427/971 979/2428/972
f 848/2429/845 979/2430/972 761/1897/758
f 848/2429/845 761/1897/758 730/1896/727
f 955/2431/948 953/2393/946 980/2432/973
f 955/2431/948 980/2432/973 981/2433/974
f 955/2434/948 981/2435/974 982/2436/949
f 955/2437/948 982/2438/949 983/2439/949
f 955/2437/948 983/2439/949 956/2440/949
f 971/2441/964 956/2440/949 983/2439/949
f 971/2404/964 983/2442/949 984/2443/975
f 971/2404/964 984/2443/975 985/2444/976
f 971/2404/964 985/2444/976 972/2405/965
f 968/2392/961 967/2391/960 986/2445/977
f 968/2446/961 986/2447/977 987/2448/978
f 968/2446/961 987/2448/978 980/2449/973
f 968/2392/961 980/2432/973 953/2393/946
f 972/2405/965 985/2444/976 965/2450/958
f 972/2405/965 965/2450/958 963/2451/956
f 972/2407/965 963/2452/956 962/2408/955
f 988/2453/979 967/2385/960 966/2384/959
f 988/2454/979 966/2455/959 989/2456/980
f 988/2454/979 989/2456/980 990/2457/981
f 988/2454/979 990/2457/981 986/2458/977
f 988/2454/979 986/2458/977 967/2459/960
f 973/2409/966 938/2323/931 937/2322/930
f 973/2460/966 937/2461/930 991/2462/982
f 973/2460/966 991/2462/982 992/2463/983
f 973/2409/966 992/2464/983 970/2465/963
f 973/2409/966 970/2465/963 969/2410/962
f 899/2225/896 762/1898/759 761/1897/758
f 899/2225/896 761/1897/758 979/2430/972
f 899/2225/896 979/2430/972 993/2466/984
f 899/2467/896 993/2468/984 900/2469/897
f 902/2229/899 920/2470/916 903/2230/900
f 994/2471/985 841/2472/838 976/2473/969
f 994/2471/985 976/2473/969 995/2474/986
f 994/2475/985 995/2476/986 996/2477/987
f 994/2475/985 996/2477/987 997/2478/988
f 994/2475/985 997/2478/988 998/2479/989
f 994/2480/985 998/2481/989 999/2482/990
f 994/2480/985 999/2482/990 1000/2483/991
f 994/2471/985 1000/2484/991 841/2472/838
f 842/2485/839 841/2486/838 1000/2483/991
f 842/2485/839 1000/2483/991 1001/2487/992
f 842/2485/839 1001/2487/992 1002/2488/993
f 842/2092/839 1002/2489/993 1003/2490/994
f 842/2092/839 1003/2490/994 844/2093/841
f 816/2420/813 902/2419/899 1004/2491/995
f 816/2492/813 1004/2493/995 1005/2494/996
f 816/2023/813 1005/2495/996 975/2413/968
f 816/2023/813 975/2413/968 760/1892/757
f 1006/2496/997 970/2465/963 992/2464/983
f 1006/2497/997 992/2463/983 1007/2498/998
f 1006/2497/997 1007/2498/998 1008/2499/999
f 1006/2497/997 1008/2499/999 1009/2500/1000
f 1006/2497/997 1009/2500/1000 1010/2501/1001
f 1006/2497/997 1010/2501/1001 970/2502/963
f 1010/2503/1001 1009/2504/1000 941/2336/934
f 1010/2503/1001 941/2336/934 940/2335/933
f 1010/2501/1001 940/2505/933 970/2502/963
f 864/2506/861 863/2507/860 1011/2508/1002
f 864/2506/861 1011/2508/1002 1012/2509/1003
f 864/2510/861 1012/2511/1003 1013/2512/1004
f 864/2513/861 1013/2514/1004 1014/2515/1005
f 864/2319/861 1014/2516/1005 991/2517/982
f 864/2319/861 991/2517/982 937/2320/930
f 1015/2518/1006 980/2519/973 987/2520/978
f 1015/2518/1006 987/2520/978 1016/2521/1007
f 1015/2522/1006 1016/2523/1007 1017/2524/1008
f 1015/2525/1006 1017/2526/1008 1018/2527/1009
f 1015/2525/1006 1018/2527/1009 981/2528/974
f 1015/2529/1006 981/2433/974 980/2432/973
f 1019/2530/1010 981/2528/974 1018/2527/1009
f 1019/2531/1010 1018/2532/1009 1020/2533/1011
f 1019/2531/1010 1020/2533/1011 1021/2534/1012
f 1019/2531/1010 1021/2534/1012 1022/2535/1013
f 1019/2536/1010 1022/2537/1013 981/2435/974
f 1022/2535/1013 1021/2534/1012 1023/2538/1014
f 1022/2537/1013 1023/2539/1014 984/2540/975
f 1022/2537/1013 984/2540/975 982/2436/949
f 1022/2537/1013 982/2436/949 981/2435/974
f 1024/2541/1015 986/2542/977 1025/2543/1016
f 1024/2544/1015 1025/2545/1016 1026/2546/1017
f 1024/2547/1015 1026/2548/1017 1027/2549/1018
f 1024/2550/1015 1027/2551/1018 1016/2552/1007
f 1024/2541/1015 1016/2521/1007 987/2520/978
f 1024/2541/1015 987/2520/978 986/2542/977
f 990/2457/981 989/2456/980 1028/2553/1019
f 990/2554/981 1028/2555/1019 1029/2556/1020
f 990/2554/981 1029/2556/1020 1025/2545/1016
f 990/2457/981 1025/2557/1016 986/2458/977
f 1014/2558/1005 1013/2559/1004 1030/2560/1021
f 1014/2561/1005 1030/2562/1021 1007/2498/998
f 1014/2561/1005 1007/2498/998 992/2463/983
f 1014/2561/1005 992/2463/983 991/2462/982
f 941/2563/934 1009/2564/1000 1031/2565/1022
f 941/2566/934 1031/2567/1022 1032/2568/1023
f 941/2569/934 1032/2570/1023 1033/2571/1024
f 941/2569/934 1033/2571/1024 1034/2572/1025
f 941/2573/934 1034/2574/1025 802/2575/799
f 849/2114/846 802/2113/799 1034/2576/1025
f 849/2114/846 1034/2576/1025 1035/2577/1026
f 849/2578/846 1035/2579/1026 1036/2580/1027
f 849/2581/846 1036/2582/1027 1037/2583/1028
f 849/2581/846 1037/2583/1028 847/2584/844
f 985/2585/976 984/2540/975 1023/2539/1014
f 985/2585/976 1023/2539/1014 1028/2553/1019
f 985/2585/976 1028/2553/1019 989/2456/980
f 985/2444/976 989/2586/980 965/2450/958
f 965/2450/958 989/2586/980 966/2587/959
f 983/2588/949 982/2436/949 984/2540/975
f 1030/2560/1021 1013/2559/1004 1038/2589/1029
f 1030/2560/1021 1038/2589/1029 1039/2590/1030
f 1030/2591/1021 1039/2592/1030 1040/2593/1031
f 1030/2591/1021 1040/2593/1031 1008/2594/999
f 1030/2562/1021 1008/2499/999 1007/2498/998
f 1040/2595/1031 1039/2596/1030 1041/2597/1032
f 1040/2595/1031 1041/2597/1032 1031/2598/1022
f 1040/2595/1031 1031/2598/1022 1009/2599/1000
f 1040/2600/1031 1009/2500/1000 1008/2499/999
f 901/2601/898 900/2469/897 1042/2602/1033
f 901/2601/898 1042/2602/1033 1004/2603/995
f 901/2601/898 1004/2603/995 902/2604/899
f 1043/2605/1034 1018/2606/1009 1017/2607/1008
f 1043/2608/1034 1017/2524/1008 1044/2609/1035
f 1043/2608/1034 1044/2609/1035 1045/2610/1036
f 1043/2611/1034 1045/2612/1036 1046/2613/1037
f 1043/2614/1034 1046/2615/1037 1047/2616/1038
f 1043/2614/1034 1047/2616/1038 1020/2617/1011
f 1043/2618/1034 1020/2619/1011 1018/2620/1009
f 1048/2621/1039 844/2093/841 1003/2490/994
f 1048/2621/1039 1003/2490/994 1049/2622/1040
f 1048/2621/1039 1049/2622/1040 1050/2623/1041
f 1048/2621/1039 1050/2623/1041 1051/2624/1042
f 1048/2621/1039 1051/2624/1042 844/2093/841
f 1051/2624/1042 1050/2623/1041 1052/2625/1043
f 1051/2626/1042 1052/2627/1043 1053/2628/1044
f 1051/2629/1042 1053/2630/1044 1011/2631/1002
f 1051/2632/1042 1011/2633/1002 863/2140/860
f 1051/2632/1042 863/2140/860 844/2095/841
f 1054/2634/1045 1017/2524/1008 1016/2523/1007
f 1054/2634/1045 1016/2523/1007 1027/2635/1018
f 1054/2634/1045 1027/2635/1018 1055/2636/1046
f 1054/2637/1045 1055/2638/1046 1041/2597/1032
f 1054/2637/1045 1041/2597/1032 1044/2639/1035
f 1054/2634/1045 1044/2609/1035 1017/2524/1008
f 1056/2640/1047 1027/2641/1018 1026/2642/1017
f 1056/2643/1047 1026/2644/1017 1057/2645/1048
f 1056/2643/1047 1057/2645/1048 1058/2646/1049
f 1056/2643/1047 1058/2646/1049 1059/2647/1050
f 1056/2643/1047 1059/2647/1050 1060/2648/1051
f 1056/2640/1047 1060/2649/1051 1061/2650/1052
f 1056/2640/1047 1061/2650/1052 1027/2641/1018
f 1061/2651/1052 1060/2652/1051 1062/2653/1053
f 1061/2651/1052 1062/2653/1053 1063/2654/1054
f 1061/2655/1052 1063/2656/1054 1032/2657/1023
f 1061/2655/1052 1032/2657/1023 1055/2658/1046
f 1061/2659/1052 1055/2660/1046 1027/2661/1018
f 1045/2662/1036 1044/2663/1035 1038/2589/1029
f 1045/2662/1036 1038/2589/1029 1013/2559/1004
f 1045/2664/1036 1013/2665/1004 1012/2666/1003
f 1045/2667/1036 1012/2668/1003 1046/2669/1037
f 1044/2639/1035 1041/2597/1032 1039/2596/1030
f 1044/2663/1035 1039/2590/1030 1038/2589/1029
f 1055/2670/1046 1032/2671/1023 1031/2672/1022
f 1055/2638/1046 1031/2598/1022 1041/2597/1032
f 1005/2673/996 1004/2603/995 1042/2602/1033
f 1005/2673/996 1042/2602/1033 1064/2674/1055
f 1005/2673/996 1064/2674/1055 1065/2675/1056
f 1005/2676/996 1065/2677/1056 1066/2678/1057
f 1005/2676/996 1066/2678/1057 975/2679/968
f 1033/2571/1024 1032/2570/1023 1067/2680/1058
f 1033/2571/1024 1067/2680/1058 1068/2681/1059
f 1033/2571/1024 1068/2681/1059 1069/2682/1060
f 1033/2683/1024 1069/2684/1060 1070/2685/1061
f 1033/2683/1024 1070/2685/1061 1035/2686/1026
f 1033/2687/1024 1035/2577/1026 1034/2576/1025
f 1049/2622/1040 1003/2490/994 1002/2489/993
f 1049/2688/1040 1002/2488/993 1071/2689/1062
f 1049/2690/1040 1071/2691/1062 1072/2692/1063
f 1049/2693/1040 1072/2694/1063 1073/2695/1064
f 1049/2696/1040 1073/2697/1064 1074/2698/1065
f 1049/2696/1040 1074/2698/1065 1050/2699/1041
f 1075/2700/1066 1037/2583/1028 1036/2582/1027
f 1075/2700/1066 1036/2582/1027 1050/2699/1041
f 1075/2700/1066 1050/2699/1041 1074/2698/1065
f 1075/2700/1066 1074/2698/1065 1073/2697/1064
f 1075/2701/1066 1073/2702/1064 1076/2703/1067
f 1075/2700/1066 1076/2704/1067 1077/2705/1068
f 1075/2700/1066 1077/2705/1068 1078/2706/1069
f 1075/2700/1066 1078/2706/1069 1037/2583/1028
f 1078/2706/1069 1077/2705/1068 1079/2707/1070
f 1078/2708/1069 1079/2709/1070 847/2423/844
f 1078/2706/1069 847/2584/844 1037/2583/1028
f 1079/2709/1070 1077/2710/1068 1080/2711/1071
f 1079/2709/1070 1080/2711/1071 1081/2712/1072
f 1079/2709/1070 1081/2712/1072 977/2424/970
f 1079/2709/1070 977/2424/970 847/2423/844
f 1066/2678/1057 1065/2677/1056 1082/2713/1073
f 1066/2714/1057 1082/2715/1073 995/2716/986
f 1066/2717/1057 995/2718/986 976/2719/969
f 1066/2720/1057 976/2414/969 975/2413/968
f 1035/2721/1026 1070/2722/1061 1083/2723/1074
f 1035/2579/1026 1083/2724/1074 1050/2725/1041
f 1035/2579/1026 1050/2725/1041 1036/2580/1027
f 978/2425/971 977/2424/970 1081/2712/1072
f 978/2425/971 1081/2712/1072 1080/2711/1071
f 978/2726/971 1080/2727/1071 1084/2728/1075
f 978/2427/971 1084/2729/1075 1085/2730/1076
f 978/2427/971 1085/2730/1076 1086/2731/1077
f 978/2427/971 1086/2731/1077 979/2428/972
f 993/2466/984 979/2430/972 1086/2732/1077
f 993/2733/984 1086/2734/1077 1087/2735/1078
f 993/2736/984 1087/2737/1078 1088/2738/1079
f 993/2468/984 1088/2739/1079 900/2469/897
f 1029/2556/1020 1028/2555/1019 1023/2538/1014
f 1029/2556/1020 1023/2538/1014 1021/2534/1012
f 1029/2556/1020 1021/2534/1012 1089/2740/1080
f 1029/2741/1020 1089/2742/1080 1026/2743/1017
f 1029/2556/1020 1026/2546/1017 1025/2545/1016
f 1083/2723/1074 1070/2722/1061 1090/2744/1081
f 1083/2723/1074 1090/2744/1081 1091/2745/1082
f 1083/2723/1074 1091/2745/1082 1052/2627/1043
f 1083/2724/1074 1052/2746/1043 1050/2725/1041
f 1001/2487/992 1000/2483/991 999/2482/990
f 1001/2487/992 999/2482/990 998/2481/989
f 1001/2487/992 998/2481/989 1071/2689/1062
f 1001/2487/992 1071/2689/1062 1002/2488/993
f 1092/2747/1083 1011/2631/1002 1053/2630/1044
f 1092/2747/1083 1053/2630/1044 1093/2748/1084
f 1092/2749/1083 1093/2750/1084 1094/2751/1085
f 1092/2749/1083 1094/2751/1085 1095/2752/1086
f 1092/2753/1083 1095/2754/1086 1096/2755/1087
f 1092/2753/1083 1096/2755/1087 1011/2508/1002
f 1097/2756/1088 1011/2508/1002 1096/2755/1087
f 1097/2756/1088 1096/2755/1087 1095/2754/1086
f 1097/2757/1088 1095/2758/1086 1098/2759/1089
f 1097/2757/1088 1098/2759/1089 1099/2760/1090
f 1097/2757/1088 1099/2760/1090 1012/2761/1003
f 1097/2756/1088 1012/2509/1003 1011/2508/1002
f 1100/2762/1091 900/2469/897 1088/2739/1079
f 1100/2762/1091 1088/2739/1079 1101/2763/1092
f 1100/2762/1091 1101/2763/1092 1064/2674/1055
f 1100/2762/1091 1064/2674/1055 1042/2602/1033
f 1100/2762/1091 1042/2602/1033 900/2469/897
f 1102/2764/1093 1073/2702/1064 1072/2765/1063
f 1102/2766/1093 1072/2767/1063 1103/2768/1094
f 1102/2764/1093 1103/2769/1094 1104/2770/1095
f 1102/2764/1093 1104/2770/1095 1105/2771/1096
f 1102/2764/1093 1105/2771/1096 1076/2703/1067
f 1102/2764/1093 1076/2703/1067 1073/2702/1064
f 1106/2772/1097 1064/2674/1055 1101/2763/1092
f 1106/2773/1097 1101/2774/1092 1107/2775/1098
f 1106/2773/1097 1107/2775/1098 1108/2776/1099
f 1106/2773/1097 1108/2776/1099 1065/2777/1056
f 1106/2772/1097 1065/2675/1056 1064/2674/1055
f 1109/2778/1100 1072/2692/1063 1071/2691/1062
f 1109/2778/1100 1071/2691/1062 1110/2779/1101
f 1109/2778/1100 1110/2779/1101 1111/2780/1102
f 1109/2778/1100 1111/2780/1102 1112/2781/1103
f 1109/2782/1100 1112/2783/1103 1103/2768/1094
f 1109/2782/1100 1103/2768/1094 1072/2767/1063
f 1113/2784/1104 1076/2703/1067 1105/2771/1096
f 1113/2784/1104 1105/2771/1096 1114/2785/1105
f 1113/2784/1104 1114/2785/1105 1115/2786/1106
f 1113/2787/1104 1115/2788/1106 1116/2789/1107
f 1113/2784/1104 1116/2790/1107 1077/2791/1068
f 1113/2784/1104 1077/2791/1068 1076/2703/1067
f 1117/2792/1108 1012/2668/1003 1099/2793/1090
f 1117/2794/1108 1099/2795/1090 1118/2796/1109
f 1117/2794/1108 1118/2796/1109 1119/2797/1110
f 1117/2798/1108 1119/2799/1110 1120/2800/1111
f 1117/2798/1108 1120/2800/1111 1121/2801/1112
f 1117/2798/1108 1121/2801/1112 1046/2802/1037
f 1117/2792/1108 1046/2669/1037 1012/2668/1003
f 1122/2803/1113 1032/2657/1023 1063/2656/1054
f 1122/2804/1113 1063/2805/1054 1123/2806/1114
f 1122/2804/1113 1123/2806/1114 1124/2807/1115
f 1122/2808/1113 1124/2809/1115 1125/2810/1116
f 1122/2808/1113 1125/2810/1116 1067/2811/1058
f 1122/2808/1113 1067/2811/1058 1032/2812/1023
f 1091/2745/1082 1090/2744/1081 1093/2813/1084
f 1091/2745/1082 1093/2813/1084 1053/2628/1044
f 1091/2745/1082 1053/2628/1044 1052/2627/1043
f 1126/2814/1117 1021/2815/1012 1020/2816/1011
f 1126/2814/1117 1020/2816/1011 1127/2817/1118
f 1126/2814/1117 1127/2817/1118 1128/2818/1119
f 1126/2814/1117 1128/2818/1119 1089/2742/1080
f 1126/2814/1117 1089/2742/1080 1021/2815/1012
f 1129/2819/1120 1070/2685/1061 1069/2684/1060
f 1129/2819/1120 1069/2684/1060 1130/2820/1121
f 1129/2819/1120 1130/2820/1121 1094/2751/1085
f 1129/2819/1120 1094/2751/1085 1093/2750/1084
f 1129/2819/1120 1093/2750/1084 1090/2821/1081
f 1129/2822/1120 1090/2744/1081 1070/2722/1061
f 1112/2823/1103 1111/2824/1102 1131/2825/1122
f 1112/2823/1103 1131/2825/1122 1132/2826/1123
f 1112/2823/1103 1132/2826/1123 1104/2827/1095
f 1112/2783/1103 1104/2828/1095 1103/2768/1094
f 1114/2785/1105 1105/2771/1096 1104/2770/1095
f 1114/2829/1105 1104/2827/1095 1132/2826/1123
f 1114/2829/1105 1132/2826/1123 1133/2830/1124
f 1114/2829/1105 1133/2830/1124 1115/2831/1106
f 1134/2832/1125 1071/2689/1062 998/2481/989
f 1134/2832/1125 998/2481/989 997/2833/988
f 1134/2832/1125 997/2833/988 1135/2834/1126
f 1134/2835/1125 1135/2836/1126 1136/2837/1127
f 1134/2835/1125 1136/2837/1127 1110/2779/1101
f 1134/2835/1125 1110/2779/1101 1071/2691/1062
f 1137/2838/1128 1077/2839/1068 1116/2840/1107
f 1137/2841/1128 1116/2789/1107 1138/2842/1129
f 1137/2843/1128 1138/2844/1129 1139/2845/1130
f 1137/2846/1128 1139/2847/1130 1084/2848/1075
f 1137/2849/1128 1084/2850/1075 1080/2851/1071
f 1137/2852/1128 1080/2711/1071 1077/2710/1068
f 1047/2616/1038 1046/2615/1037 1140/2853/1131
f 1047/2854/1038 1140/2855/1131 1141/2856/1132
f 1047/2854/1038 1141/2856/1132 1142/2857/1133
f 1047/2854/1038 1142/2857/1133 1127/2858/1118
f 1047/2854/1038 1127/2858/1118 1020/2859/1011
f 1089/2742/1080 1128/2818/1119 1143/2860/1134
f 1089/2742/1080 1143/2860/1134 1057/2861/1048
f 1089/2742/1080 1057/2861/1048 1026/2743/1017
f 996/2862/987 995/2716/986 1082/2715/1073
f 996/2862/987 1082/2715/1073 1144/2863/1135
f 996/2862/987 1144/2863/1135 1145/2864/1136
f 996/2862/987 1145/2864/1136 1146/2865/1137
f 996/2866/987 1146/2867/1137 1147/2868/1138
f 996/2477/987 1147/2869/1138 997/2478/988
f 1085/2870/1076 1084/2848/1075 1148/2871/1139
f 1085/2872/1076 1148/2873/1139 1149/2874/1140
f 1085/2872/1076 1149/2874/1140 1150/2875/1141
f 1085/2872/1076 1150/2875/1141 1151/2876/1142
f 1085/2872/1076 1151/2876/1142 1087/2877/1078
f 1085/2872/1076 1087/2877/1078 1086/2878/1077
f 1152/2879/1143 1069/2682/1060 1068/2681/1059
f 1152/2879/1143 1068/2681/1059 1067/2680/1058
f 1152/2880/1143 1067/2811/1058 1125/2810/1116
f 1152/2881/1143 1125/2882/1116 1095/2883/1086
f 1152/2881/1143 1095/2883/1086 1094/2884/1085
f 1152/2885/1143 1094/2751/1085 1130/2820/1121
f 1152/2885/1143 1130/2820/1121 1069/2684/1060
f 1153/2886/1144 1132/2826/1123 1131/2825/1122
f 1153/2886/1144 1131/2825/1122 1154/2887/1145
f 1153/2886/1144 1154/2887/1145 1133/2830/1124
f 1153/2886/1144 1133/2830/1124 1132/2826/1123
f 1121/2801/1112 1120/2800/1111 1141/2888/1132
f 1121/2801/1112 1141/2888/1132 1140/2889/1131
f 1121/2801/1112 1140/2889/1131 1046/2802/1037
f 1111/2780/1102 1110/2779/1101 1155/2890/1146
f 1111/2891/1102 1155/2892/1146 1156/2893/1147
f 1111/2891/1102 1156/2893/1147 1154/2894/1145
f 1111/2824/1102 1154/2887/1145 1131/2825/1122
f 1115/2831/1106 1133/2830/1124 1154/2887/1145
f 1115/2895/1106 1154/2894/1145 1156/2893/1147
f 1115/2895/1106 1156/2893/1147 1157/2896/1148
f 1115/2788/1106 1157/2897/1148 1116/2789/1107
f 1158/2898/1149 1065/2777/1056 1108/2776/1099
f 1158/2898/1149 1108/2776/1099 1159/2899/1150
f 1158/2898/1149 1159/2899/1150 1160/2900/1151
f 1158/2901/1149 1160/2902/1151 1082/2713/1073
f 1158/2901/1149 1082/2713/1073 1065/2677/1056
f 1107/2775/1098 1101/2774/1092 1088/2738/1079
f 1107/2775/1098 1088/2738/1079 1161/2903/1152
f 1107/2775/1098 1161/2903/1152 1162/2904/1153
f 1107/2775/1098 1162/2904/1153 1108/2776/1099
f 1087/2905/1078 1151/2906/1142 1163/2907/1154
f 1087/2905/1078 1163/2907/1154 1161/2908/1152
f 1087/2737/1078 1161/2903/1152 1088/2738/1079
f 1098/2759/1089 1095/2758/1086 1125/2810/1116
f 1098/2759/1089 1125/2810/1116 1124/2809/1115
f 1098/2759/1089 1124/2809/1115 1164/2909/1155
f 1098/2759/1089 1164/2909/1155 1099/2760/1090
f 1142/2857/1133 1141/2856/1132 1058/2646/1049
f 1142/2857/1133 1058/2646/1049 1143/2910/1134
f 1142/2857/1133 1143/2910/1134 1128/2911/1119
f 1142/2857/1133 1128/2911/1119 1127/2858/1118
f 1058/2646/1049 1057/2645/1048 1143/2910/1134
f 1059/2647/1050 1058/2646/1049 1141/2856/1132
f 1059/2912/1050 1141/2888/1132 1120/2800/1111
f 1059/2912/1050 1120/2800/1111 1165/2913/1156
f 1059/2912/1050 1165/2913/1156 1062/2653/1053
f 1059/2912/1050 1062/2653/1053 1060/2652/1051
f 1162/2904/1153 1161/2903/1152 1163/2914/1154
f 1162/2904/1153 1163/2914/1154 1166/2915/1157
f 1162/2904/1153 1166/2915/1157 1159/2899/1150
f 1162/2904/1153 1159/2899/1150 1108/2776/1099
f 1164/2916/1155 1124/2807/1115 1167/2917/1158
f 1164/2916/1155 1167/2917/1158 1168/2918/1159
f 1164/2919/1155 1168/2920/1159 1118/2796/1109
f 1164/2919/1155 1118/2796/1109 1099/2795/1090
f 1165/2913/1156 1120/2800/1111 1119/2799/1110
f 1165/2913/1156 1119/2799/1110 1169/2921/1160
f 1165/2913/1156 1169/2921/1160 1063/2654/1054
f 1165/2913/1156 1063/2654/1054 1062/2653/1053
f 1123/2806/1114 1063/2805/1054 1169/2922/1160
f 1123/2806/1114 1169/2922/1160 1167/2917/1158
f 1123/2806/1114 1167/2917/1158 1124/2807/1115
f 1170/2923/1161 1159/2899/1150 1166/2915/1157
f 1170/2924/1161 1166/2925/1157 1171/2926/1162
f 1170/2927/1161 1171/2928/1162 1172/2929/1163
f 1170/2927/1161 1172/2929/1163 1160/2930/1151
f 1170/2923/1161 1160/2900/1151 1159/2899/1150
f 1144/2931/1135 1082/2713/1073 1160/2902/1151
f 1144/2863/1135 1160/2932/1151 1172/2933/1163
f 1144/2863/1135 1172/2933/1163 1145/2864/1136
f 1173/2934/1164 1163/2907/1154 1151/2906/1142
f 1173/2935/1164 1151/2876/1142 1150/2875/1141
f 1173/2935/1164 1150/2875/1141 1174/2936/1165
f 1173/2935/1164 1174/2936/1165 1171/2937/1162
f 1173/2934/1164 1171/2926/1162 1166/2925/1157
f 1173/2934/1164 1166/2925/1157 1163/2907/1154
f 1168/2918/1159 1167/2917/1158 1169/2922/1160
f 1168/2918/1159 1169/2922/1160 1119/2938/1110
f 1168/2920/1159 1119/2797/1110 1118/2796/1109
f 1175/2939/1166 1156/2893/1147 1155/2892/1146
f 1175/2940/1166 1155/2890/1146 1176/2941/1167
f 1175/2942/1166 1176/2943/1167 1177/2944/1168
f 1175/2942/1166 1177/2944/1168 1178/2945/1169
f 1175/2942/1166 1178/2945/1169 1157/2897/1148
f 1175/2939/1166 1157/2896/1148 1156/2893/1147
f 1176/2941/1167 1155/2890/1146 1110/2779/1101
f 1176/2941/1167 1110/2779/1101 1136/2837/1127
f 1176/2941/1167 1136/2837/1127 1179/2946/1170
f 1176/2943/1167 1179/2947/1170 1177/2944/1168
f 1178/2945/1169 1177/2944/1168 1180/2948/1171
f 1178/2945/1169 1180/2948/1171 1138/2842/1129
f 1178/2945/1169 1138/2842/1129 1116/2789/1107
f 1178/2945/1169 1116/2789/1107 1157/2897/1148
f 1147/2868/1138 1146/2867/1137 1181/2949/1172
f 1147/2950/1138 1181/2951/1172 1182/2952/1173
f 1147/2950/1138 1182/2952/1173 1135/2953/1126
f 1147/2950/1138 1135/2953/1126 997/2954/988
f 1139/2845/1130 1138/2844/1129 1183/2955/1174
f 1139/2847/1130 1183/2956/1174 1184/2957/1175
f 1139/2847/1130 1184/2957/1175 1148/2871/1139
f 1139/2847/1130 1148/2871/1139 1084/2848/1075
f 1185/2958/1176 1135/2836/1126 1182/2959/1173
f 1185/2960/1176 1182/2961/1173 1186/2962/1177
f 1185/2963/1176 1186/2964/1177 1179/2965/1170
f 1185/2958/1176 1179/2946/1170 1136/2837/1127
f 1185/2958/1176 1136/2837/1127 1135/2836/1126
f 1187/2966/1178 1148/2871/1139 1184/2957/1175
f 1187/2966/1178 1184/2957/1175 1188/2967/1179
f 1187/2966/1178 1188/2967/1179 1189/2968/1180
f 1187/2969/1178 1189/2970/1180 1190/2971/1181
f 1187/2969/1178 1190/2971/1181 1149/2972/1140
f 1187/2966/1178 1149/2973/1140 1148/2871/1139
f 1180/2948/1171 1177/2944/1168 1191/2974/1182
f 1180/2975/1171 1191/2976/1182 1186/2964/1177
f 1180/2975/1171 1186/2964/1177 1183/2955/1174
f 1180/2975/1171 1183/2955/1174 1138/2844/1129
f 1179/2965/1170 1186/2964/1177 1191/2976/1182
f 1179/2947/1170 1191/2974/1182 1177/2944/1168
f 1192/2977/1183 1146/2865/1137 1145/2864/1136
f 1192/2977/1183 1145/2864/1136 1193/2978/1184
f 1192/2979/1183 1193/2980/1184 1174/2936/1165
f 1192/2979/1183 1174/2936/1165 1194/2981/1185
f 1192/2982/1183 1194/2983/1185 1195/2984/1186
f 1192/2985/1183 1195/2986/1186 1146/2867/1137
f 1195/2984/1186 1194/2983/1185 1190/2971/1181
f 1195/2984/1186 1190/2971/1181 1189/2970/1180
f 1195/2984/1186 1189/2970/1180 1181/2987/1172
f 1195/2986/1186 1181/2949/1172 1146/2867/1137
f 1196/2988/1187 1149/2972/1140 1190/2971/1181
f 1196/2988/1187 1190/2971/1181 1194/2983/1185
f 1196/2989/1187 1194/2981/1185 1174/2936/1165
f 1196/2989/1187 1174/2936/1165 1150/2875/1141
f 1196/2989/1187 1150/2875/1141 1149/2874/1140
f 1193/2978/1184 1145/2864/1136 1172/2933/1163
f 1193/2978/1184 1172/2933/1163 1171/2990/1162
f 1193/2980/1184 1171/2937/1162 1174/2936/1165
f 1186/2962/1177 1182/2961/1173 1188/2967/1179
f 1186/2962/1177 1188/2967/1179 1184/2957/1175
f 1186/2962/1177 1184/2957/1175 1183/2956/1174
f 1181/2991/1172 1189/2968/1180 1188/2967/1179
f 1181/2991/1172 1188/2967/1179 1182/2961/1173
